0.49864,0.997281,0,0.3048,-0.3048,0,-0.3048,0.2032,0,
0.49864,0.997281,0,0.3048,-0.3048,0,-0.3048,0.2032,0,
0.498641,0.997281,0,0.3048,-0.3048,0,-0.2032,0.3048,0,
0.498641,0.997281,0,0.3048,-0.3048,0,-0.2032,0.3048,0,
0.498643,0.997285,0,-0.3048,-0.3048,0,0.3048,0.2032,0,
0.498643,0.997285,0,-0.3048,-0.3048,0,0.3048,0.2032,0,
0.498643,0.997286,0,-0.3048,-0.3048,0,0.2032,0.3048,0,
0.498643,0.997286,0,-0.3048,-0.3048,0,0.2032,0.3048,0,
0.498643,0.997286,0,-0.3048,-0.3048,0,0.2032,0.3048,0,
0.498643,0.997286,0,-0.3048,-0.3048,0,0.2032,0.3048,0,
0.500201,0.997334,0.00306882,-0.3048,-0.2032,0,0.3048,0.3048,0,
0.500202,0.997335,0.00306882,0.3048,-0.2032,0,-0.3048,0.3048,0,
0.500202,0.997336,0.00306882,0.2032,-0.3048,0,-0.3048,0.3048,0,
0.500202,0.997336,0.00306882,0.2032,-0.3048,0,-0.3048,0.3048,0,
0.503962,0.996599,0.0113254,-0.2032,-0.3048,0,0.2032,0.3048,0,
0.503962,0.996599,0.0113254,-0.2032,-0.3048,0,0.2032,0.3048,0,
0.503962,0.996599,0.0113254,-0.2032,-0.3048,0,0.2032,0.3048,0,
0.503962,0.996599,0.0113254,-0.2032,-0.3048,0,0.2032,0.3048,0,
0.503962,0.996599,0.0113254,-0.3048,-0.2032,0,0.3048,0.2032,0,
0.503962,0.996599,0.0113254,0.3048,-0.2032,0,-0.3048,0.2032,0,
0.503962,0.996599,0.0113254,0.3048,-0.2032,0,-0.3048,0.2032,0,
0.503962,0.996599,0.0113254,0.3048,-0.2032,0,-0.3048,0.2032,0,
0.503962,0.996599,0.0113254,0.2032,-0.3048,0,-0.2032,0.3048,0,
0.503962,0.996599,0.0113254,0.2032,-0.3048,0,-0.2032,0.3048,0,
0.505374,0.996573,0.0141751,0.4064,-0.3048,0,-0.2032,0.2032,0,
0.505374,0.996573,0.0141751,0.3048,-0.4064,0,-0.2032,0.2032,0,
0.505375,0.996576,0.0141751,-0.4064,-0.3048,0,0.2032,0.2032,0,
0.507388,0.997458,0.017317,0.4064,-0.2032,0,-0.2032,0.3048,0,
0.507388,0.997458,0.017317,0.4064,-0.2032,0,-0.2032,0.3048,0,
0.507388,0.997459,0.017317,-0.2032,-0.4064,0,0.3048,0.2032,0,
0.507388,0.997459,0.017317,-0.2032,-0.4064,0,0.3048,0.2032,0,
0.507388,0.997459,0.017317,-0.2032,-0.4064,0,0.3048,0.2032,0,
0.507388,0.997459,0.017317,-0.2032,-0.4064,0,0.3048,0.2032,0,
0.507388,0.997459,0.017317,-0.2032,-0.4064,0,0.3048,0.2032,0,
0.507389,0.99746,0.017317,-0.4064,-0.2032,0,0.2032,0.3048,0,
0.508437,0.99605,0.0208242,0.3048,-0.3048,0,-0.2032,0.2032,0,
0.508957,0.997455,0.0204588,0.3048,-0.2032,0,-0.2032,0.4064,0,
0.508957,0.997455,0.0204588,0.3048,-0.2032,0,-0.2032,0.4064,0,
0.508958,0.997456,0.0204588,0.2032,-0.3048,0,-0.4064,0.2032,0,
0.508958,0.997456,0.0204588,0.2032,-0.3048,0,-0.4064,0.2032,0,
0.508958,0.997456,0.0204588,0.2032,-0.3048,0,-0.4064,0.2032,0,
0.509642,0.997437,0.0218471,0.4064,-0.2032,0,-0.3048,0.2032,0,
0.509642,0.997438,0.0218471,0.2032,-0.4064,0,-0.2032,0.3048,0,
0.509642,0.997438,0.0218471,0.2032,-0.4064,0,-0.2032,0.3048,0,
0.509643,0.997439,0.0218471,-0.2032,-0.4064,0,0.2032,0.3048,0,
0.509643,0.997439,0.0218471,-0.2032,-0.4064,0,0.2032,0.3048,0,
0.509643,0.997439,0.0218471,-0.2032,-0.4064,0,0.2032,0.3048,0,
0.509643,0.997439,0.0218471,-0.2032,-0.4064,0,0.2032,0.3048,0,
0.509643,0.997439,0.0218471,-0.2032,-0.4064,0,0.2032,0.3048,0,
0.509901,0.997444,0.0223586,0.3048,-0.2032,0,-0.4064,0.2032,0,
0.509901,0.997443,0.0223586,0.2032,-0.3048,0,-0.2032,0.4064,0,
0.5112,0.996608,0.0257928,-0.2032,-0.3048,0,0.3048,0.2032,0,
0.5112,0.996608,0.0257928,0.3048,-0.2032,0,-0.2032,0.3048,0,
0.5112,0.996608,0.0257928,0.3048,-0.2032,0,-0.2032,0.3048,0,
0.511201,0.996608,0.0257928,-0.3048,-0.2032,0,0.2032,0.3048,0,
0.511201,0.996609,0.0257928,0.2032,-0.3048,0,-0.3048,0.2032,0,
0.511201,0.996609,0.0257928,0.2032,-0.3048,0,-0.3048,0.2032,0,
0.511539,0.996627,0.0264504,0.2032,-0.2032,0,-0.4064,0.3048,0,
0.511539,0.996627,0.0264504,0.2032,-0.2032,0,-0.4064,0.3048,0,
0.511539,0.996627,0.0264504,0.2032,-0.2032,0,-0.3048,0.4064,0,
0.511542,0.996633,0.0264504,-0.2032,-0.2032,0,0.4064,0.3048,0,
0.511542,0.996633,0.0264504,-0.2032,-0.2032,0,0.4064,0.3048,0,
0.513006,0.997076,0.0289347,0.4064,-0.3048,0,-0.3048,0.1016,0,
0.513006,0.997077,0.0289347,-0.4064,-0.3048,0,0.3048,0.1016,0,
0.51387,0.997783,0.0299576,0.4064,-0.3048,0,-0.2032,0.3048,0,
0.51387,0.997783,0.0299576,0.4064,-0.3048,0,-0.2032,0.3048,0,
0.51387,0.997783,0.0299576,0.4064,-0.3048,0,-0.2032,0.3048,0,
0.51387,0.997783,0.0299576,0.4064,-0.3048,0,-0.2032,0.3048,0,
0.513871,0.997784,0.0299576,-0.4064,-0.3048,0,0.2032,0.3048,0,
0.513871,0.997784,0.0299576,-0.3048,-0.4064,0,0.3048,0.2032,0,
0.513871,0.997784,0.0299576,-0.3048,-0.4064,0,0.3048,0.2032,0,
0.514143,0.99672,0.0315651,0.4064,-0.2032,0,-0.3048,0.1016,0,
0.514143,0.996721,0.0315651,-0.2032,-0.4064,0,0.1016,0.3048,0,
0.514206,0.99787,0.0305422,0.2032,-0.3048,0,-0.4064,0.3048,0,
0.514206,0.99787,0.0305422,0.2032,-0.3048,0,-0.4064,0.3048,0,
0.514206,0.99787,0.0305422,0.2032,-0.3048,0,-0.4064,0.3048,0,
0.514206,0.99787,0.0305422,0.3048,-0.2032,0,-0.3048,0.4064,0,
0.514206,0.99787,0.0305422,0.3048,-0.2032,0,-0.3048,0.4064,0,
0.514206,0.99787,0.0305422,-0.2032,-0.3048,0,0.4064,0.3048,0,
0.514206,0.99787,0.0305422,-0.2032,-0.3048,0,0.4064,0.3048,0,
0.514504,0.997735,0.0312729,0.3048,-0.3048,0,-0.4064,0.1016,0,
0.514505,0.997737,0.0312729,-0.3048,-0.3048,0,0.4064,0.1016,0,
0.514505,0.997737,0.0312729,-0.3048,-0.3048,0,0.4064,0.1016,0,
0.514506,0.997739,0.0312729,-0.3048,-0.3048,0,0.1016,0.4064,0,
0.515839,0.997118,0.0345609,0.1016,-0.4064,0,-0.2032,0.3048,0,
0.51584,0.997119,0.0345609,-0.1016,-0.4064,0,0.2032,0.3048,0,
0.51584,0.997119,0.0345609,-0.1016,-0.4064,0,0.2032,0.3048,0,
0.516098,0.998293,0.0339032,-0.2032,-0.4064,0,0.4064,0.2032,0,
0.516099,0.998295,0.0339032,0.2032,-0.4064,0,-0.4064,0.2032,0,
0.516427,0.997856,0.0349993,0.4064,-0.1016,0,-0.3048,0.3048,0,
0.516486,0.99622,0.0367529,-0.2032,-0.4064,0,0.2032,0.2032,0,
0.518063,0.997182,0.0389449,0.3048,-0.1016,0,-0.4064,0.3048,0,
0.520412,0.99786,0.0429636,0.3048,-0.2032,0,-0.4064,0.3048,0,
0.520611,0.996725,0.044498,0.508,-0.2032,0,-0.2032,0.2032,0,
0.520947,0.997907,0.0439866,0.2032,-0.3048,0,-0.508,0.2032,0,
0.521556,0.998248,0.0448634,0.4064,-0.3048,0,-0.1016,0.4064,0,
0.522673,0.997194,0.0481514,0.1016,-0.3048,0,-0.4064,0.3048,0,
0.523743,0.997945,0.0495397,0.508,-0.2032,0,-0.2032,0.3048,0,
0.52393,0.996201,0.0516586,0.2032,-0.2032,0,-0.2032,0.4064,0,
0.52393,0.996201,0.0516586,0.2032,-0.2032,0,-0.2032,0.4064,0,
0.52397,0.998401,0.0495397,0.4064,-0.1016,0,-0.3048,0.4064,0,
0.53028,0.997868,0.0626918,-0.4064,-0.2032,0,0.4064,0.1016,0,
0.530281,0.997869,0.0626918,-0.2032,-0.4064,0,0.1016,0.4064,0,
0.53029,0.995184,0.0653953,-0.4064,-0.3048,0,0.2032,0.1016,0,
0.530552,0.997828,0.0632764,-0.1016,-0.508,0,0.3048,0.2032,0,
0.5307,0.995859,0.0655415,0.3048,-0.2032,0,-0.3048,0.1016,0,
0.531214,0.998348,0.0640801,-0.3048,-0.3048,0,0.508,0.1016,0,
0.531848,0.998082,0.0656145,0.4064,-0.3048,0,-0.4064,0,0,
0.531961,0.997942,0.0659798,0.1016,-0.4064,0,-0.2032,0.4064,0,
0.532335,0.996936,0.0677335,0.4064,-0.508,0,-0.2032,0.2032,0,
0.532651,0.998665,0.0666375,0.1016,-0.508,0,-0.4064,0.2032,0,
0.533278,0.9959,0.0706561,0.1016,-0.3048,0,-0.2032,0.3048,0,
0.533278,0.9959,0.0706561,0.1016,-0.3048,0,-0.2032,0.3048,0,
0.533278,0.9959,0.0706561,0.1016,-0.3048,0,-0.2032,0.3048,0,
0.533278,0.9959,0.0706561,0.3048,-0.1016,0,-0.3048,0.2032,0,
0.533278,0.9959,0.0706561,0.3048,-0.1016,0,-0.3048,0.2032,0,
0.533526,0.997783,0.0692679,0.508,-0.1016,0,-0.3048,0.2032,0,
0.533935,0.998164,0.0697063,0.2032,-0.3048,0,-0.508,0.3048,0,
0.534372,0.997139,0.0716061,0.4064,-0.1016,0,-0.2032,0.3048,0,
0.534373,0.99714,0.0716061,0.1016,-0.4064,0,-0.3048,0.2032,0,
0.535994,0.998554,0.0734327,0.2032,-0.4064,0,-0.6096,0.1016,0,
0.536195,0.9964,0.0759901,-0.2032,-0.4064,0,0,0.3048,0,
0.53702,0.995346,0.0786936,0.3048,-0.2032,0,-0.2032,0.2032,0,
0.53702,0.995346,0.0786936,0.3048,-0.2032,0,-0.2032,0.2032,0,
0.53702,0.995346,0.0786936,0.2032,-0.3048,0,-0.2032,0.2032,0,
0.53702,0.995346,0.0786936,0.2032,-0.3048,0,-0.2032,0.2032,0,
0.537021,0.995348,0.0786936,-0.3048,-0.2032,0,0.2032,0.2032,0,
0.537039,0.997065,0.077013,0.3048,-0.2032,0,-0.1016,0.4064,0,
0.537417,0.99877,0.0760632,0.2032,-0.508,0,-0.4064,0.2032,0,
0.538235,0.997703,0.0787666,0.3048,-0.2032,0,-0.1016,0.6096,0,
0.538235,0.997704,0.0787666,0.2032,-0.3048,0,-0.6096,0.1016,0,
0.538458,0.998368,0.0785474,-0.4064,-0.1016,0,0.4064,0.3048,0,
0.53968,0.998183,0.0811779,-0.2032,-0.3048,0,0.4064,0.4064,0,
0.539831,0.998045,0.0816163,-0.3048,-0.508,0,0.3048,0.2032,0,
0.539831,0.998046,0.0816163,0.3048,-0.508,0,-0.3048,0.2032,0,
0.540264,0.995184,0.0853427,-0.4064,-0.3048,0,0.1016,0.2032,0,
0.540526,0.996877,0.0841736,0.2032,-0.3048,0,0,0.4064,0,
0.540657,0.997725,0.0835891,0,-0.4064,0,0.3048,0.3048,0,
0.54093,0.998783,0.0830776,0.4064,-0.3048,0,0,0.508,0,
0.54093,0.998783,0.0830776,0.4064,-0.3048,0,0,0.508,0,
0.540941,0.998,0.0838813,0.4064,-0.4064,0,-0.2032,0.3048,0,
0.541196,0.998729,0.0836622,0.4064,-0.2032,0,-0.2032,0.6096,0,
0.541403,0.997901,0.0849043,-0.508,-0.2032,0,0.3048,0.2032,0,
0.541403,0.997902,0.0849043,-0.2032,-0.508,0,0.2032,0.3048,0,
0.541404,0.997903,0.0849043,0.508,-0.2032,0,-0.3048,0.2032,0,
0.541802,0.995339,0.0882654,-0.2032,-0.2032,0,0.2032,0.3048,0,
0.541948,0.9987,0.0851966,0.2032,-0.4064,0,-0.4064,0.3048,0,
0.541949,0.998701,0.0851966,-0.2032,-0.4064,0,0.4064,0.3048,0,
0.542564,0.99825,0.0868771,-0.2032,-0.4064,0,0.2032,0.4064,0,
0.542564,0.998251,0.0868771,0.2032,-0.4064,0,-0.2032,0.4064,0,
0.54415,0.997915,0.0903844,-0.2032,-0.4064,0,-0.1016,0.4064,0,
0.544177,0.996436,0.0919188,0,-0.3048,0,-0.2032,0.4064,0,
0.544693,0.997613,0.0917727,-0.2032,-0.3048,0,0,0.6096,0,
0.544694,0.997614,0.0917727,0.3048,-0.2032,0,-0.6096,0,0,
0.545589,0.99809,0.0930878,0.3048,-0.2032,0,-0.3048,0.6096,0,
0.546012,0.997987,0.0940377,-0.1016,-0.4064,0,-0.2032,0.4064,0,
0.546019,0.994785,0.0972527,-0.2032,-0.4064,0,0.1016,0.2032,0,
0.546416,0.997186,0.0956452,0.2032,-0.2032,0,-0.508,0.508,0,
0.547041,0.99851,0.0955722,0.3048,-0.3048,0,-0.4064,0.3048,0,
0.547041,0.998511,0.0955722,0.3048,-0.3048,0,-0.3048,0.4064,0,
0.547044,0.998515,0.0955722,-0.3048,-0.3048,0,0.4064,0.3048,0,
0.548783,0.99644,0.101125,0.2032,-0.2032,0,-0.6096,0.1016,0,
0.548784,0.996443,0.101125,-0.2032,-0.2032,0,0.1016,0.6096,0,
0.549049,0.998141,0.0999562,0.2032,-0.3048,0,-0.3048,0.508,0,
0.549426,0.99875,0.100102,0.4064,-0.3048,0,-0.508,0,0,
0.549855,0.998877,0.100833,0.3048,-0.4064,0,-0.6096,0.1016,0,
0.550463,0.997829,0.103098,-0.1016,-0.508,0,-0.2032,0.3048,0,
0.550563,0.99737,0.103756,0.2032,-0.6096,0,0.1016,0.3048,0,
0.551099,0.997858,0.10434,0.3048,-0.2032,0,-0.6096,0.2032,0,
0.551099,0.997858,0.10434,0.3048,-0.2032,0,-0.6096,0.2032,0,
0.551401,0.998023,0.104779,-0.2032,-0.6096,0,0.3048,0.2032,0,
0.551401,0.998024,0.104779,-0.6096,-0.2032,0,0.2032,0.3048,0,
0.551402,0.998025,0.104779,0.6096,-0.2032,0,-0.2032,0.3048,0,
0.551856,0.997326,0.106386,-0.4064,-0.6096,0,0.3048,0.1016,0,
0.55206,0.998685,0.105436,0.4064,-0.508,0,0.1016,0.4064,0,
0.555318,0.994606,0.116031,0.3048,-0.3048,0,-0.2032,0.1016,0,
0.555397,0.998051,0.112743,0,-0.6096,0,0.3048,0.2032,0,
0.556182,0.998013,0.11435,-0.508,-0.3048,0,0.3048,0.2032,0,
0.556209,0.997703,0.114716,0.2032,-0.3048,0,0.1016,0.6096,0,
0.558126,0.998101,0.11815,0.2032,-0.6096,0,0.2032,0.3048,0,
0.558832,0.99586,0.121803,0.2032,-0.3048,0,-0.3048,0.1016,0,
0.558979,0.998347,0.119611,0.2032,-0.3048,0,-0.508,0.4064,0,
0.559265,0.998407,0.120123,0.3048,-0.3048,0,0.1016,0.6096,0,
0.561362,0.997779,0.124945,0,-0.508,0,0.3048,0.2032,0,
0.561446,0.9959,0.126991,0.3048,-0.1016,0,-0.2032,0.3048,0,
0.561446,0.995901,0.126991,-0.1016,-0.3048,0,0.3048,0.2032,0,
0.561446,0.995901,0.126991,0.1016,-0.3048,0,-0.3048,0.2032,0,
0.561548,0.999319,0.123776,-0.1016,-0.6096,0,-0.4064,0.3048,0,
0.562964,0.996525,0.129402,0.508,0,0,-0.2032,0.2032,0,
0.563272,0.99853,0.128014,0.3048,-0.3048,0,-0.6096,0.2032,0,
0.563272,0.99853,0.128014,0.3048,-0.3048,0,-0.2032,0.6096,0,
0.563426,0.998326,0.128525,-0.2032,-0.4064,0,-0.2032,0.4064,0,
0.563496,0.998467,0.128525,0.4064,-0.2032,0,-0.508,0.1016,0,
0.564905,0.996242,0.133567,0.3048,-0.3048,0,-0.3048,0,0,
0.565201,0.997638,0.132763,0.3048,-0.2032,0,0,0.6096,0,
0.565385,0.99808,0.13269,-0.4064,-0.508,0,0.3048,0.2032,0,
0.565385,0.99808,0.13269,-0.508,-0.4064,0,0.2032,0.3048,0,
0.566937,0.998335,0.13554,0.2032,-0.3048,0,-0.4064,0.508,0,
0.567943,0.999104,0.136782,-0.1016,-0.508,0,-0.4064,0.3048,0,
0.56795,0.994588,0.141312,0.1016,-0.2032,0,-0.3048,0.3048,0,
0.567971,0.99799,0.137951,0.2032,-0.508,0,0.2032,0.3048,0,
0.569925,0.997588,0.142262,0.2032,-0.3048,0,-0.508,0,0,
0.569925,0.997588,0.142262,0.2032,-0.3048,0,-0.508,0,0,
0.569925,0.997588,0.142262,-0.3048,-0.2032,0,0,0.508,0,
0.570687,0.998893,0.142481,0.4064,-0.3048,0,0.1016,0.508,0,
0.570919,0.997969,0.14387,0.6096,-0.3048,0,-0.2032,0.3048,0,
0.570978,0.995528,0.146427,0.3048,-0.2032,0,-0.3048,0,0,
0.572381,0.996363,0.1484,0.2032,-0.2032,0,0,0.6096,0,
0.573375,0.998057,0.148692,-0.508,-0.4064,0,0.3048,0.2032,0,
0.573375,0.998057,0.148692,-0.508,-0.4064,0,0.3048,0.2032,0,
0.573375,0.998057,0.148692,-0.508,-0.4064,0,0.3048,0.2032,0,
0.574948,0.995578,0.154318,0,-0.3048,0,0.2032,0.3048,0,
0.576586,0.997101,0.156072,-0.1016,-0.508,0,0.3048,0.1016,0,
0.576962,0.998801,0.155122,0.3048,-0.3048,0,-0.3048,0.508,0,
0.576964,0.998806,0.155122,-0.3048,-0.3048,0,0.508,0.3048,0,
0.577071,0.996317,0.157825,-0.2032,-0.2032,0,0,0.508,0,
0.577453,0.997593,0.157314,-0.4064,-0.1016,0,0.1016,0.4064,0,
0.578574,0.998154,0.158995,-0.4064,-0.6096,0,-0.2032,0.3048,0,
0.578574,0.998154,0.158995,-0.4064,-0.6096,0,-0.2032,0.3048,0,
0.579025,0.998837,0.159214,-0.3048,-0.3048,0,0.4064,0.4064,0,
0.579411,0.999024,0.159798,0.4064,-0.3048,0,-0.2032,0.6096,0,
0.580868,0.997846,0.16389,0,-0.4064,0,-0.4064,0.2032,0,
0.582127,0.993861,0.170393,0.2032,-0.3048,0,-0.1016,0.2032,0,
0.582353,0.998477,0.166228,0.4064,-0.2032,0,-0.6096,0.1016,0,
0.582718,0.998404,0.167032,-0.3048,-0.2032,0,0.508,0.508,0,
0.583239,0.999374,0.167105,-0.4064,-0.6096,0,-0.3048,0.4064,0,
0.583289,0.996989,0.169589,0,-0.4064,0,-0.3048,0.2032,0,
0.584452,0.998145,0.170758,-0.3048,-0.508,0,-0.2032,0.3048,0,
0.585923,0.994,0.177846,-0.2032,-0.4064,0,0,0.2032,0,
0.585992,0.997206,0.174777,-0.1016,-0.3048,0,-0.3048,0.4064,0,
0.586783,0.996889,0.176677,0.3048,-0.2032,0,0,0.4064,0,
0.588388,0.995715,0.181061,0,-0.4064,0,-0.2032,0.2032,0,
0.589422,0.998076,0.180769,0.508,-0.6096,0,0.2032,0.3048,0,
0.589422,0.998076,0.180769,0.508,-0.6096,0,0.2032,0.3048,0,
0.589694,0.998401,0.180988,0.1016,-0.6096,0,0.1016,0.4064,0,
0.589745,0.998722,0.180769,0.3048,-0.3048,0,-0.6096,0.3048,0,
0.591452,0.99797,0.184934,-0.508,-0.508,0,0.3048,0.2032,0,
0.591862,0.993821,0.189902,-0.2032,-0.1016,0,0.3048,0.2032,0,
0.591862,0.993822,0.189902,-0.1016,-0.2032,0,0.2032,0.3048,0,
0.591879,0.998971,0.184787,0.4064,-0.3048,0,-0.4064,0.3048,0,
0.592196,0.99785,0.186541,-0.4064,-0.6096,0,0.3048,0.2032,0,
0.592196,0.99785,0.186541,-0.6096,-0.4064,0,0.2032,0.3048,0,
0.593461,0.998261,0.18866,-0.2032,-0.3048,0,0.508,0.6096,0,
0.594388,0.999313,0.189464,-0.2032,-0.4064,0,-0.508,0.508,0,
0.594445,0.997891,0.190998,-0.6096,-0.3048,0,0.3048,0.2032,0,
0.594445,0.997892,0.190998,0.6096,-0.3048,0,-0.3048,0.2032,0,
0.594652,0.998963,0.190341,-0.4064,-0.4064,0,-0.2032,0.4064,0,
0.594779,0.997976,0.191583,0.2032,-0.3048,0,-0.6096,0.6096,0,
0.59668,0.998781,0.194578,0.6096,-0.3048,0,-0.2032,0.4064,0,
0.597048,0.999153,0.194944,0.4064,-0.2032,0,-0.4064,0.508,0,
0.598129,0.998245,0.198013,-0.4064,-0.508,0,-0.2032,0.3048,0,
0.598129,0.998245,0.198013,-0.4064,-0.508,0,-0.2032,0.3048,0,
0.598257,0.995141,0.201374,0.1016,-0.3048,0,0.1016,0.3048,0,
0.598617,0.998199,0.199036,-0.2032,-0.3048,0,-0.3048,0.508,0,
0.598617,0.998199,0.199036,-0.2032,-0.3048,0,-0.3048,0.508,0,
0.599503,0.998655,0.200351,-0.2032,-0.4064,0,0.2032,0.6096,0,
0.60106,0.999065,0.203054,-0.2032,-0.4064,0,0.6096,0.4064,0,
0.601624,0.998879,0.204369,0.4064,-0.508,0,-0.4064,0.2032,0,
0.603783,0.999178,0.208388,-0.2032,-0.4064,0,-0.6096,0.508,0,
0.605348,0.997777,0.212918,0.6096,-0.4064,0,-0.3048,0.2032,0,
0.605348,0.997777,0.212918,0.4064,-0.6096,0,-0.2032,0.3048,0,
0.606528,0.998676,0.21438,-0.1016,-0.508,0,-0.4064,0.2032,0,
0.606826,0.999273,0.21438,-0.4064,-0.3048,0,0.3048,0.508,0,
0.610706,0.998849,0.222563,-0.3048,-0.508,0,-0.3048,0.3048,0,
0.610965,0.998271,0.223659,-0.6096,-0.4064,0,0.4064,0.1016,0,
0.610991,0.997592,0.22439,0.6096,-0.508,0,-0.2032,0.3048,0,
0.610991,0.997592,0.22439,0.6096,-0.508,0,-0.2032,0.3048,0,
0.611188,0.993821,0.228555,0.2032,-0.1016,0,-0.2032,0.3048,0,
0.611188,0.993821,0.228555,0.2032,-0.1016,0,-0.2032,0.3048,0,
0.612197,0.998981,0.225413,-0.3048,-0.4064,0,0.2032,0.6096,0,
0.612534,0.997829,0.22724,-0.3048,-0.4064,0,-0.2032,0.3048,0,
0.613031,0.9959,0.230162,-0.1016,-0.3048,0,-0.2032,0.3048,0,
0.613088,0.998717,0.227459,-0.4064,-0.508,0,0.3048,0.3048,0,
0.613957,0.99914,0.228774,-0.2032,-0.4064,0,0.4064,0.508,0,
0.613957,0.99914,0.228774,-0.2032,-0.4064,0,0.4064,0.508,0,
0.613957,0.99914,0.228774,-0.2032,-0.4064,0,0.4064,0.508,0,
0.614734,0.998209,0.231258,-0.2032,-0.4064,0,-0.3048,0.3048,0,
0.617532,0.998034,0.237031,0.6096,-0.508,0,0.2032,0.3048,0,
0.618635,0.991763,0.245506,-0.2032,-0.4064,0,0.1016,0.1016,0,
0.618635,0.991763,0.245506,-0.2032,-0.4064,0,0.1016,0.1016,0,
0.619916,0.997395,0.242438,0.508,-0.3048,0,0.1016,0.3048,0,
0.620384,0.999207,0.241561,-0.3048,-0.4064,0,-0.6096,0.6096,0,
0.620629,0.999185,0.242072,0.4064,-0.4064,0,-0.3048,0.4064,0,
0.621121,0.997905,0.244337,-0.2032,-0.3048,0,-0.3048,0.4064,0,
0.621121,0.997905,0.244337,-0.2032,-0.3048,0,-0.3048,0.4064,0,
0.622644,0.99664,0.248648,0.2032,-0.2032,0,0.2032,0.6096,0,
0.624734,0.99556,0.253909,0,-0.3048,0,0.3048,0.2032,0,
0.625092,0.998028,0.252156,-0.2032,-0.3048,0,-0.6096,0.6096,0,
0.625092,0.998028,0.252156,-0.2032,-0.3048,0,-0.6096,0.6096,0,
0.625093,0.99803,0.252156,0.2032,-0.3048,0,0.6096,0.6096,0,
0.625565,0.998098,0.253032,-0.4064,-0.4064,0,-0.2032,0.3048,0,
0.625565,0.998098,0.253032,-0.4064,-0.4064,0,-0.2032,0.3048,0,
0.625931,0.999048,0.252813,-0.3048,-0.3048,0,0.508,0.508,0,
0.625931,0.999048,0.252813,-0.3048,-0.3048,0,0.508,0.508,0,
0.626379,0.999067,0.25369,-0.2032,-0.4064,0,0.6096,0.508,0,
0.626767,0.996995,0.25654,0.6096,-0.6096,0,-0.3048,0.2032,0,
0.627669,0.999019,0.25632,0.4064,-0.2032,0,-0.6096,0.4064,0,
0.627669,0.999019,0.25632,0.4064,-0.2032,0,-0.6096,0.4064,0,
0.62767,0.99902,0.25632,-0.2032,-0.4064,0,0.4064,0.6096,0,
0.629841,0.998759,0.260924,-0.2032,-0.4064,0,-0.4064,0.3048,0,
0.630405,0.999302,0.261508,0.4064,-0.6096,0,0.4064,0.3048,0,
0.630772,0.999378,0.262166,0.3048,-0.508,0,0.4064,0.3048,0,
0.631509,0.993035,0.269984,0.3048,-0.2032,0,-0.2032,0,0,
0.631584,0.99713,0.266038,0.1016,-0.4064,0,0.3048,0.2032,0,
0.631606,0.99805,0.265162,0.3048,-0.6096,0,0.3048,0.2032,0,
0.632137,0.998893,0.265381,0.3048,-0.3048,0,-0.6096,0.508,0,
0.633308,0.999189,0.267427,0.3048,-0.508,0,-0.3048,0.4064,0,
0.634535,0.994264,0.274806,-0.1016,-0.2032,0,0.4064,0.1016,0,
0.635631,0.994263,0.276998,0.3048,0,0,-0.2032,0.2032,0,
0.636342,0.998243,0.274441,0.2032,-0.3048,0,0.4064,0.4064,0,
0.63779,0.999166,0.276414,-0.4064,-0.3048,0,0.6096,0.3048,0,
0.63779,0.999166,0.276414,-0.4064,-0.3048,0,0.6096,0.3048,0,
0.63779,0.999166,0.276414,-0.4064,-0.3048,0,0.6096,0.3048,0,
0.639571,0.99469,0.284451,-0.1016,-0.2032,0,-0.2032,0.4064,0,
0.640238,0.998071,0.282405,-0.6096,-0.4064,0,-0.2032,0.3048,0,
0.64037,0.999431,0.281309,0.4064,-0.3048,0,-0.4064,0.508,0,
0.64037,0.999431,0.281309,0.4064,-0.3048,0,-0.4064,0.508,0,
0.642542,0.996907,0.288178,-0.4064,-0.508,0,-0.2032,0.2032,0,
0.643546,0.992996,0.294096,0,-0.2032,0,0.2032,0.3048,0,
0.643546,0.992996,0.294096,0,-0.2032,0,0.2032,0.3048,0,
0.645788,0.998794,0.292781,-0.2032,-0.508,0,-0.4064,0.2032,0,
0.646163,0.998595,0.293731,-0.3048,-0.3048,0,-0.3048,0.4064,0,
0.646865,0.998391,0.295338,-0.2032,-0.3048,0,-0.508,0.4064,0,
0.646866,0.998394,0.295338,0.2032,-0.3048,0,0.508,0.4064,0,
0.64735,0.989789,0.30491,0.4064,-0.3048,0,-0.1016,0,0,
0.647465,0.999445,0.295484,0.4064,-0.3048,0,0.4064,0.6096,0,
0.647863,0.997976,0.29775,-0.4064,-0.6096,0,-0.3048,0.2032,0,
0.649909,0.993886,0.305933,0.4064,-0.2032,0,0,0.2032,0,
0.651071,0.996648,0.305495,-0.6096,-0.508,0,-0.2032,0.2032,0,
0.65209,0.998686,0.305495,-0.3048,-0.3048,0,-0.6096,0.6096,0,
0.656218,0.997297,0.31514,-0.3048,-0.3048,0,-0.2032,0.3048,0,
0.656218,0.997297,0.31514,-0.3048,-0.3048,0,-0.2032,0.3048,0,
0.656552,0.998112,0.314993,0.508,-0.6096,0,-0.3048,0.3048,0,
0.657335,0.999312,0.315359,0.4064,-0.3048,0,-0.6096,0.4064,0,
0.657336,0.999314,0.315359,-0.4064,-0.3048,0,0.6096,0.4064,0,
0.657404,0.99806,0.316747,-0.3048,-0.508,0,-0.3048,0.2032,0,
0.657404,0.998061,0.316747,0.3048,-0.508,0,0.3048,0.2032,0,
0.658782,0.997822,0.319743,-0.508,-0.6096,0,-0.3048,0.2032,0,
0.658782,0.997822,0.319743,-0.508,-0.6096,0,-0.3048,0.2032,0,
0.658783,0.997822,0.319743,0.508,-0.6096,0,0.3048,0.2032,0,
0.658783,0.997822,0.319743,0.508,-0.6096,0,0.3048,0.2032,0,
0.658783,0.997822,0.319743,0.508,-0.6096,0,0.3048,0.2032,0,
0.662318,0.99956,0.325077,0.4064,-0.3048,0,0.4064,0.508,0,
0.662318,0.99956,0.325077,0.4064,-0.3048,0,0.4064,0.508,0,
0.662319,0.99956,0.325077,-0.4064,-0.3048,0,-0.4064,0.508,0,
0.662319,0.99956,0.325077,-0.4064,-0.3048,0,-0.4064,0.508,0,
0.66301,0.996194,0.329826,0.2032,-0.2032,0,0.2032,0.4064,0,
0.663011,0.996197,0.329826,-0.2032,-0.2032,0,-0.2032,0.4064,0,
0.6635,0.989282,0.337717,-0.2032,-0.4064,0,0,0.1016,0,
0.664938,0.997786,0.332091,0.4064,-0.3048,0,0.2032,0.3048,0,
0.667683,0.99743,0.337937,0.2032,-0.4064,0,0.3048,0.2032,0,
0.667683,0.99743,0.337937,0.2032,-0.4064,0,0.3048,0.2032,0,
0.669141,0.998884,0.339398,-0.508,-0.4064,0,-0.3048,0.3048,0,
0.670034,0.998916,0.341152,0.4064,-0.6096,0,-0.4064,0.3048,0,
0.670303,0.998942,0.341663,0.4064,-0.2032,0,0.3048,0.6096,0,
0.670303,0.998942,0.341663,0.4064,-0.2032,0,0.3048,0.6096,0,
0.670429,0.998026,0.342832,0.6096,-0.3048,0,0.2032,0.3048,0,
0.67084,0.990957,0.350723,-0.1016,-0.1016,0,0.1016,0.4064,0,
0.671039,0.992963,0.349116,0.2032,-0.3048,0,-0.2032,0,0,
0.671471,0.99916,0.343782,0.4064,-0.3048,0,0.6096,0.6096,0,
0.671519,0.990488,0.35255,0.1016,-0.1016,0,-0.2032,0.3048,0,
0.671519,0.990488,0.35255,0.1016,-0.1016,0,-0.2032,0.3048,0,
0.671519,0.990489,0.35255,0.1016,-0.1016,0,-0.3048,0.2032,0,
0.67152,0.99049,0.35255,-0.1016,-0.1016,0,0.2032,0.3048,0,
0.672155,0.997898,0.346412,0.2032,-0.3048,0,0.4064,0.3048,0,
0.672588,0.998106,0.34707,0.4064,-0.508,0,0.3048,0.2032,0,
0.674426,0.997179,0.351673,0.2032,-0.2032,0,0.508,0.508,0,
0.674585,0.989093,0.360076,0.1016,0,0,-0.4064,0.3048,0,
0.67467,0.998178,0.351162,0.3048,-0.2032,0,0.3048,0.508,0,
0.675117,0.996003,0.354231,0,-0.3048,0,-0.4064,0.1016,0,
0.675917,0.9987,0.353135,0.6096,-0.4064,0,0.3048,0.3048,0,
0.67683,0.998261,0.3554,0.3048,-0.2032,0,0.4064,0.6096,0,
0.677657,0.999622,0.355692,-0.4064,-0.3048,0,-0.508,0.508,0,
0.677835,0.998298,0.357372,-0.2032,-0.4064,0,-0.4064,0.2032,0,
0.678375,0.99587,0.36088,0.1016,-0.3048,0,0.3048,0.2032,0,
0.678402,0.999066,0.357738,0.3048,-0.3048,0,0.508,0.4064,0,
0.678402,0.999066,0.357738,0.3048,-0.3048,0,0.508,0.4064,0,
0.679534,0.998189,0.36088,0.2032,-0.3048,0,0.508,0.3048,0,
0.681621,0.998854,0.364387,0.6096,-0.4064,0,-0.4064,0.3048,0,
0.68321,0.992974,0.373447,0.2032,0,0,-0.2032,0.3048,0,
0.683663,0.98891,0.378416,0.3048,-0.3048,0,-0.1016,0,0,
0.68373,0.998032,0.369429,0.3048,-0.3048,0,0.3048,0.3048,0,
0.68373,0.998032,0.369429,0.3048,-0.3048,0,0.3048,0.3048,0,
0.683732,0.998035,0.369429,-0.3048,-0.3048,0,-0.3048,0.3048,0,
0.68432,0.998116,0.370525,0.2032,-0.3048,0,0.6096,0.3048,0,
0.685831,0.998946,0.372717,0.3048,-0.3048,0,0.6096,0.4064,0,
0.688488,0.988622,0.388353,0,-0.1016,0,-0.2032,0.4064,0,
0.690753,0.997755,0.38375,-0.3048,-0.4064,0,-0.3048,0.2032,0,
0.691523,0.999078,0.383969,0.4064,-0.2032,0,0.4064,0.6096,0,
0.692478,0.998942,0.386015,-0.4064,-0.508,0,-0.4064,0.2032,0,
0.695796,0.997979,0.393614,0.3048,-0.2032,0,0.6096,0.6096,0,
0.695796,0.997979,0.393614,0.3048,-0.2032,0,0.6096,0.6096,0,
0.697306,0.998513,0.396098,0.4064,-0.3048,0,0.3048,0.3048,0,
0.699621,0.995253,0.403989,0.2032,-0.3048,0,0.2032,0.2032,0,
0.700187,0.991342,0.409031,-0.2032,-0.4064,0,-0.1016,0.1016,0,
0.702832,0.996997,0.408666,0.2032,-0.2032,0,0.6096,0.4064,0,
0.705941,0.998614,0.413269,-0.3048,-0.4064,0,-0.4064,0.2032,0,
0.706008,0.996555,0.415461,0.6096,-0.3048,0,0.2032,0.2032,0,
0.706036,0.995295,0.416776,-0.2032,-0.2032,0,-0.2032,0.3048,0,
0.706036,0.995295,0.416776,-0.2032,-0.2032,0,-0.2032,0.3048,0,
0.706036,0.995295,0.416776,-0.2032,-0.2032,0,-0.2032,0.3048,0,
0.706877,0.988064,0.425691,0.2032,-0.3048,0,0,0.1016,0,
0.708629,0.998509,0.418749,-0.6096,-0.508,0,-0.4064,0.2032,0,
0.709212,0.997922,0.420503,-0.6096,-0.2032,0,-0.2032,0.3048,0,
0.709212,0.997922,0.420503,-0.6096,-0.2032,0,-0.2032,0.3048,0,
0.709212,0.997922,0.420503,-0.6096,-0.2032,0,-0.2032,0.3048,0,
0.709212,0.997922,0.420503,-0.6096,-0.2032,0,-0.2032,0.3048,0,
0.709445,0.998022,0.420868,0.508,-0.4064,0,0.3048,0.2032,0,
0.710776,0.998857,0.422695,-0.3048,-0.3048,0,-0.508,0.3048,0,
0.710914,0.995918,0.42591,-0.3048,-0.3048,0,-0.2032,0.2032,0,
0.714261,0.997863,0.430659,0.508,-0.2032,0,0.2032,0.3048,0,
0.715576,0.996548,0.434605,0.3048,-0.2032,0,0.2032,0.3048,0,
0.715576,0.996548,0.434605,0.3048,-0.2032,0,0.2032,0.3048,0,
0.715576,0.996548,0.434605,0.3048,-0.2032,0,0.2032,0.3048,0,
0.715979,0.994503,0.437454,0.4064,-0.2032,0,0.1016,0.2032,0,
0.717719,0.998204,0.437235,0.3048,-0.2032,0,0.4064,0.4064,0,
0.717924,0.999051,0.436797,0.4064,-0.3048,0,0.4064,0.3048,0,
0.721422,0.997425,0.445419,0.2032,-0.3048,0,0.4064,0.2032,0,
0.721422,0.997425,0.445419,-0.2032,-0.3048,0,-0.4064,0.2032,0,
0.722525,0.998827,0.446222,-0.4064,-0.4064,0,-0.4064,0.2032,0,
0.723306,0.99447,0.452141,-0.2032,-0.4064,0,-0.2032,0.1016,0,
0.723632,0.9979,0.449364,0.2032,-0.3048,0,0.508,0.2032,0,
0.726592,0.987671,0.465512,0,-0.1016,0,-0.2032,0.3048,0,
0.726592,0.987673,0.465512,0,-0.1016,0,0.2032,0.3048,0,
0.72675,0.998363,0.455137,0.3048,-0.2032,0,0.508,0.4064,0,
0.72675,0.998363,0.455137,0.3048,-0.2032,0,0.508,0.4064,0,
0.732237,0.994724,0.46975,0.3048,-0.4064,0,0.2032,0.1016,0,
0.732313,0.999041,0.465585,0.4064,-0.2032,0,0.4064,0.4064,0,
0.734257,0.996572,0.471942,0.2032,-0.4064,0,0.3048,0.1016,0,
0.734257,0.996573,0.471942,-0.2032,-0.4064,0,-0.3048,0.1016,0,
0.734541,0.999259,0.469823,-0.4064,-0.3048,0,-0.6096,0.3048,0,
0.735088,0.997211,0.472965,-0.3048,-0.3048,0,-0.3048,0.2032,0,
0.738711,0.990939,0.486483,0.3048,-0.3048,0,0.1016,0.1016,0,
0.739718,0.993758,0.485679,0.1016,-0.2032,0,0.3048,0.2032,0,
0.741949,0.99778,0.486117,-0.6096,-0.3048,0,-0.3048,0.2032,0,
0.741949,0.997782,0.486117,0.6096,-0.3048,0,0.3048,0.2032,0,
0.74455,0.998087,0.491013,0.508,0,0,0.1016,0.4064,0,
0.745552,0.9979,0.493205,-0.508,-0.3048,0,-0.3048,0.2032,0,
0.745552,0.9979,0.493205,-0.508,-0.3048,0,-0.3048,0.2032,0,
0.747345,0.990306,0.504384,0.2032,-0.3048,0,0.1016,0.1016,0,
0.748264,0.998135,0.498393,0.4064,-0.2032,0,0.3048,0.3048,0,
0.748308,0.98763,0.508987,0.1016,0,0,-0.2032,0.3048,0,
0.754199,0.997803,0.510595,0.6096,-0.1016,0,0.2032,0.3048,0,
0.754199,0.997803,0.510595,-0.6096,-0.1016,0,-0.2032,0.3048,0,
0.754199,0.997803,0.510595,-0.6096,-0.1016,0,-0.2032,0.3048,0,
0.760623,0.986466,0.53478,0.2032,-0.2032,0,0,0.1016,0,
0.762919,0.998073,0.527766,0.3048,-0.2032,0,0.6096,0.3048,0,
0.769894,0.999164,0.540625,-0.6096,-0.2032,0,-0.4064,0.3048,0,
0.775952,0.997614,0.554289,0.2032,-0.3048,0,0.508,0.1016,0,
0.776487,0.998977,0.553997,0.4064,-0.2032,0,0.508,0.3048,0,
0.777074,0.996133,0.558016,-0.2032,-0.2032,0,-0.4064,0.2032,0,
0.780177,0.99569,0.564665,-0.2032,-0.3048,0,-0.3048,0.1016,0,
0.780227,0.996958,0.563496,-0.2032,-0.3048,0,-0.4064,0.1016,0,
0.781077,0.997709,0.564445,0.6096,-0.2032,0,0.3048,0.2032,0,
0.783782,0.99837,0.569195,-0.2032,-0.4064,0,-0.6096,0,0,
0.784122,0.993716,0.574529,0.2032,-0.1016,0,0.2032,0.3048,0,
0.78513,0.996681,0.573579,-0.6096,-0.3048,0,-0.3048,0.1016,0,
0.790583,0.997722,0.583443,-0.508,-0.2032,0,-0.3048,0.2032,0,
0.791423,0.99648,0.586366,-0.3048,-0.2032,0,-0.3048,0.2032,0,
0.801074,0.992912,0.609236,0.1016,-0.2032,0,0.3048,0.1016,0,
0.801101,0.99757,0.604632,-0.2032,-0.4064,0,-0.4064,0,0,
0.801315,0.99829,0.60434,0.3048,-0.3048,0,0.6096,0.1016,0,
0.805104,0.997612,0.612597,-0.3048,-0.3048,0,-0.4064,0.1016,0,
0.8091,0.990333,0.627868,-0.1016,-0.1016,0,-0.3048,0.2032,0,
0.814813,0.99635,0.633275,-0.2032,-0.2032,0,-0.6096,0.1016,0,
0.814813,0.99635,0.633275,-0.2032,-0.2032,0,-0.6096,0.1016,0,
0.815593,0.998058,0.633129,0.4064,-0.3048,0,0.4064,0.1016,0,
0.815594,0.99806,0.633129,-0.4064,-0.3048,0,-0.4064,0.1016,0,
0.818333,0.997107,0.639559,-0.3048,-0.1016,0,-0.4064,0.3048,0,
0.818832,0.997521,0.640143,-0.2032,-0.3048,0,-0.6096,0,0,
0.819194,0.998684,0.639705,0.4064,-0.2032,0,0.508,0.2032,0,
0.819722,0.988998,0.650446,-0.1016,-0.1016,0,-0.2032,0.2032,0,
0.823079,0.986798,0.65936,-0.2032,-0.3048,0,-0.1016,0,0,
0.823079,0.986798,0.65936,-0.2032,-0.3048,0,-0.1016,0,0,
0.825609,0.99763,0.653588,-0.6096,-0.1016,0,-0.3048,0.2032,0,
0.832883,0.995666,0.670101,-0.2032,-0.2032,0,-0.4064,0.1016,0,
0.842253,0.997527,0.686979,0.508,-0.1016,0,0.3048,0.2032,0,
0.844302,0.993002,0.695601,-0.3048,-0.3048,0,-0.2032,0,0,
0.845034,0.993664,0.696405,0.2032,-0.1016,0,0.3048,0.2032,0,
0.849106,0.995231,0.702981,-0.2032,-0.3048,0,-0.3048,0,0,
0.850283,0.987428,0.713138,0.1016,0,0,0.2032,0.3048,0,
0.851266,0.995605,0.706927,0.3048,-0.2032,0,0.3048,0.1016,0,
0.858162,0.996903,0.719421,0.3048,-0.2032,0,0.4064,0.1016,0,
0.858162,0.996903,0.719421,0.3048,-0.2032,0,0.4064,0.1016,0,
0.858306,0.996241,0.720371,-0.2032,-0.2032,0,-0.6096,0,0,
0.868936,0.999087,0.738784,0.6096,0,0,0.4064,0.3048,0,
0.883344,0.998895,0.767792,0.508,0,0,0.4064,0.3048,0,
0.89416,0.997438,0.790881,0.508,0,0,0.3048,0.2032,0,
0.913392,0.986582,0.840202,0.1016,0,0,0.3048,0.1016,0,
0.914845,0.995188,0.834502,-0.3048,-0.2032,0,-0.3048,0,0,
