0.498641,0.997281,0,0.3048,-0.3048,0,-0.2032,0.3048,0,
0.498641,0.997281,0,0.3048,-0.3048,0,-0.2032,0.3048,0,
0.498641,0.997281,0,0.3048,-0.3048,0,-0.2032,0.3048,0,
0.500201,0.997334,0.00306882,-0.2032,-0.3048,0,0.3048,0.3048,0,
0.500201,0.997334,0.00306882,-0.2032,-0.3048,0,0.3048,0.3048,0,
0.500201,0.997334,0.00306882,-0.2032,-0.3048,0,0.3048,0.3048,0,
0.500201,0.997334,0.00306882,-0.2032,-0.3048,0,0.3048,0.3048,0,
0.500201,0.997334,0.00306882,-0.2032,-0.3048,0,0.3048,0.3048,0,
0.500201,0.997334,0.00306882,-0.2032,-0.3048,0,0.3048,0.3048,0,
0.500201,0.997334,0.00306882,-0.2032,-0.3048,0,0.3048,0.3048,0,
0.500201,0.997334,0.00306882,-0.2032,-0.3048,0,0.3048,0.3048,0,
0.500201,0.997334,0.00306882,-0.2032,-0.3048,0,0.3048,0.3048,0,
0.500201,0.997334,0.00306882,-0.3048,-0.2032,0,0.3048,0.3048,0,
0.500201,0.997334,0.00306882,-0.3048,-0.2032,0,0.3048,0.3048,0,
0.500201,0.997334,0.00306882,-0.3048,-0.2032,0,0.3048,0.3048,0,
0.500201,0.997334,0.00306882,-0.3048,-0.2032,0,0.3048,0.3048,0,
0.500201,0.997334,0.00306882,-0.3048,-0.2032,0,0.3048,0.3048,0,
0.505374,0.996573,0.0141751,0.4064,-0.3048,0,-0.2032,0.2032,0,
0.505374,0.996573,0.0141751,0.3048,-0.4064,0,-0.2032,0.2032,0,
0.505374,0.996573,0.0141751,0.3048,-0.4064,0,-0.2032,0.2032,0,
0.505374,0.996573,0.0141751,0.3048,-0.4064,0,-0.2032,0.2032,0,
0.505374,0.996573,0.0141751,0.3048,-0.4064,0,-0.2032,0.2032,0,
0.505374,0.996573,0.0141751,0.3048,-0.4064,0,-0.2032,0.2032,0,
0.505374,0.996573,0.0141751,0.3048,-0.4064,0,-0.2032,0.2032,0,
0.505374,0.996573,0.0141751,0.3048,-0.4064,0,-0.2032,0.2032,0,
0.505374,0.996573,0.0141751,0.3048,-0.4064,0,-0.2032,0.2032,0,
0.505374,0.996573,0.0141751,0.3048,-0.4064,0,-0.2032,0.2032,0,
0.507388,0.997458,0.017317,0.4064,-0.2032,0,-0.2032,0.3048,0,
0.507388,0.997458,0.017317,0.4064,-0.2032,0,-0.2032,0.3048,0,
0.50844,0.996057,0.0208242,-0.3048,-0.3048,0,0.2032,0.2032,0,
0.50844,0.996057,0.0208242,-0.3048,-0.3048,0,0.2032,0.2032,0,
0.5099,0.997442,0.0223586,-0.2032,-0.3048,0,0.2032,0.4064,0,
0.511539,0.996627,0.0264504,0.2032,-0.2032,0,-0.4064,0.3048,0,
0.513292,0.996845,0.0297385,-0.4064,-0.4064,0,0.2032,0.2032,0,
0.513292,0.996845,0.0297385,-0.4064,-0.4064,0,0.2032,0.2032,0,
0.513292,0.996845,0.0297385,-0.4064,-0.4064,0,0.2032,0.2032,0,
0.513292,0.996845,0.0297385,-0.4064,-0.4064,0,0.2032,0.2032,0,
0.513292,0.996845,0.0297385,-0.4064,-0.4064,0,0.2032,0.2032,0,
0.513292,0.996845,0.0297385,-0.4064,-0.4064,0,0.2032,0.2032,0,
0.513292,0.996845,0.0297385,-0.4064,-0.4064,0,0.2032,0.2032,0,
0.513292,0.996845,0.0297385,-0.4064,-0.4064,0,0.2032,0.2032,0,
0.513292,0.996845,0.0297385,-0.4064,-0.4064,0,0.2032,0.2032,0,
0.513871,0.997784,0.0299576,-0.3048,-0.4064,0,0.3048,0.2032,0,
0.513871,0.997784,0.0299576,-0.3048,-0.4064,0,0.3048,0.2032,0,
0.513871,0.997784,0.0299576,-0.3048,-0.4064,0,0.3048,0.2032,0,
0.513871,0.997784,0.0299576,-0.3048,-0.4064,0,0.3048,0.2032,0,
0.513871,0.997784,0.0299576,-0.3048,-0.4064,0,0.3048,0.2032,0,
0.513871,0.997784,0.0299576,-0.3048,-0.4064,0,0.3048,0.2032,0,
0.514206,0.99787,0.0305422,-0.3048,-0.2032,0,0.3048,0.4064,0,
0.514206,0.99787,0.0305422,-0.3048,-0.2032,0,0.3048,0.4064,0,
0.514848,0.997984,0.0317112,0.3048,-0.3048,0,-0.3048,0.3048,0,
0.514848,0.997984,0.0317112,0.3048,-0.3048,0,-0.3048,0.3048,0,
0.514956,0.996081,0.0338302,0.2032,-0.2032,0,-0.3048,0.3048,0,
0.515839,0.997117,0.0345609,0.4064,-0.1016,0,-0.3048,0.2032,0,
0.515839,0.997117,0.0345609,0.4064,-0.1016,0,-0.3048,0.2032,0,
0.515839,0.997117,0.0345609,0.4064,-0.1016,0,-0.3048,0.2032,0,
0.515839,0.997117,0.0345609,0.4064,-0.1016,0,-0.3048,0.2032,0,
0.515839,0.997117,0.0345609,0.4064,-0.1016,0,-0.3048,0.2032,0,
0.515839,0.997117,0.0345609,0.4064,-0.1016,0,-0.3048,0.2032,0,
0.515839,0.997117,0.0345609,0.4064,-0.1016,0,-0.3048,0.2032,0,
0.515839,0.997117,0.0345609,0.4064,-0.1016,0,-0.3048,0.2032,0,
0.515839,0.997117,0.0345609,0.4064,-0.1016,0,-0.3048,0.2032,0,
0.515839,0.997117,0.0345609,0.4064,-0.1016,0,-0.3048,0.2032,0,
0.515839,0.997117,0.0345609,0.4064,-0.1016,0,-0.3048,0.2032,0,
0.515839,0.997117,0.0345609,0.4064,-0.1016,0,-0.3048,0.2032,0,
0.515839,0.997117,0.0345609,0.4064,-0.1016,0,-0.3048,0.2032,0,
0.515839,0.997117,0.0345609,0.4064,-0.1016,0,-0.3048,0.2032,0,
0.515839,0.997117,0.0345609,0.4064,-0.1016,0,-0.3048,0.2032,0,
0.515839,0.997117,0.0345609,0.4064,-0.1016,0,-0.3048,0.2032,0,
0.515839,0.997117,0.0345609,0.4064,-0.1016,0,-0.3048,0.2032,0,
0.515839,0.997117,0.0345609,0.4064,-0.1016,0,-0.3048,0.2032,0,
0.515839,0.997117,0.0345609,0.4064,-0.1016,0,-0.3048,0.2032,0,
0.515839,0.997117,0.0345609,0.4064,-0.1016,0,-0.3048,0.2032,0,
0.515839,0.997117,0.0345609,0.4064,-0.1016,0,-0.3048,0.2032,0,
0.515839,0.997117,0.0345609,0.4064,-0.1016,0,-0.3048,0.2032,0,
0.515839,0.997117,0.0345609,0.4064,-0.1016,0,-0.3048,0.2032,0,
0.515839,0.997117,0.0345609,0.4064,-0.1016,0,-0.3048,0.2032,0,
0.515839,0.997117,0.0345609,0.4064,-0.1016,0,-0.3048,0.2032,0,
0.515839,0.997117,0.0345609,0.4064,-0.1016,0,-0.3048,0.2032,0,
0.515839,0.997117,0.0345609,0.4064,-0.1016,0,-0.3048,0.2032,0,
0.515839,0.997117,0.0345609,0.4064,-0.1016,0,-0.3048,0.2032,0,
0.515839,0.997117,0.0345609,0.4064,-0.1016,0,-0.3048,0.2032,0,
0.515839,0.997117,0.0345609,0.4064,-0.1016,0,-0.3048,0.2032,0,
0.515839,0.997117,0.0345609,0.4064,-0.1016,0,-0.3048,0.2032,0,
0.515839,0.997117,0.0345609,0.4064,-0.1016,0,-0.3048,0.2032,0,
0.515839,0.997117,0.0345609,0.4064,-0.1016,0,-0.3048,0.2032,0,
0.515839,0.997117,0.0345609,0.4064,-0.1016,0,-0.3048,0.2032,0,
0.515839,0.997117,0.0345609,0.4064,-0.1016,0,-0.3048,0.2032,0,
0.515839,0.997117,0.0345609,0.4064,-0.1016,0,-0.3048,0.2032,0,
0.515839,0.997117,0.0345609,0.4064,-0.1016,0,-0.3048,0.2032,0,
0.515839,0.997117,0.0345609,0.4064,-0.1016,0,-0.3048,0.2032,0,
0.515839,0.997117,0.0345609,0.4064,-0.1016,0,-0.3048,0.2032,0,
0.515839,0.997117,0.0345609,0.4064,-0.1016,0,-0.3048,0.2032,0,
0.515839,0.997117,0.0345609,0.4064,-0.1016,0,-0.3048,0.2032,0,
0.515839,0.997117,0.0345609,0.4064,-0.1016,0,-0.3048,0.2032,0,
0.515839,0.997117,0.0345609,0.4064,-0.1016,0,-0.3048,0.2032,0,
0.515839,0.997117,0.0345609,0.4064,-0.1016,0,-0.3048,0.2032,0,
0.515839,0.997117,0.0345609,0.4064,-0.1016,0,-0.3048,0.2032,0,
0.515839,0.997117,0.0345609,0.4064,-0.1016,0,-0.3048,0.2032,0,
0.515839,0.997117,0.0345609,0.4064,-0.1016,0,-0.3048,0.2032,0,
0.515839,0.997117,0.0345609,0.4064,-0.1016,0,-0.3048,0.2032,0,
0.515839,0.997117,0.0345609,0.4064,-0.1016,0,-0.3048,0.2032,0,
0.515839,0.997117,0.0345609,0.4064,-0.1016,0,-0.3048,0.2032,0,
0.515839,0.997117,0.0345609,0.4064,-0.1016,0,-0.3048,0.2032,0,
0.515839,0.997117,0.0345609,0.4064,-0.1016,0,-0.3048,0.2032,0,
0.515839,0.997117,0.0345609,0.4064,-0.1016,0,-0.3048,0.2032,0,
0.515839,0.997117,0.0345609,0.4064,-0.1016,0,-0.3048,0.2032,0,
0.515839,0.997117,0.0345609,0.4064,-0.1016,0,-0.3048,0.2032,0,
0.515839,0.997117,0.0345609,0.4064,-0.1016,0,-0.3048,0.2032,0,
0.515839,0.997117,0.0345609,0.4064,-0.1016,0,-0.3048,0.2032,0,
0.515839,0.997117,0.0345609,0.4064,-0.1016,0,-0.3048,0.2032,0,
0.515839,0.997117,0.0345609,0.4064,-0.1016,0,-0.3048,0.2032,0,
0.515839,0.997117,0.0345609,0.4064,-0.1016,0,-0.3048,0.2032,0,
0.515839,0.997117,0.0345609,0.4064,-0.1016,0,-0.3048,0.2032,0,
0.515839,0.997117,0.0345609,0.4064,-0.1016,0,-0.3048,0.2032,0,
0.515839,0.997117,0.0345609,0.4064,-0.1016,0,-0.3048,0.2032,0,
0.515839,0.997117,0.0345609,0.4064,-0.1016,0,-0.3048,0.2032,0,
0.515839,0.997117,0.0345609,0.4064,-0.1016,0,-0.3048,0.2032,0,
0.515839,0.997117,0.0345609,0.4064,-0.1016,0,-0.3048,0.2032,0,
0.515839,0.997117,0.0345609,0.4064,-0.1016,0,-0.3048,0.2032,0,
0.515839,0.997117,0.0345609,0.4064,-0.1016,0,-0.3048,0.2032,0,
0.515839,0.997118,0.0345609,0.1016,-0.4064,0,-0.2032,0.3048,0,
0.515839,0.997118,0.0345609,0.1016,-0.4064,0,-0.2032,0.3048,0,
0.515839,0.997118,0.0345609,0.1016,-0.4064,0,-0.2032,0.3048,0,
0.515839,0.997118,0.0345609,0.1016,-0.4064,0,-0.2032,0.3048,0,
0.515839,0.997118,0.0345609,0.1016,-0.4064,0,-0.2032,0.3048,0,
0.515839,0.997118,0.0345609,0.1016,-0.4064,0,-0.2032,0.3048,0,
0.515839,0.997118,0.0345609,0.1016,-0.4064,0,-0.2032,0.3048,0,
0.515839,0.997118,0.0345609,0.1016,-0.4064,0,-0.2032,0.3048,0,
0.515839,0.997118,0.0345609,0.1016,-0.4064,0,-0.2032,0.3048,0,
0.515839,0.997118,0.0345609,0.1016,-0.4064,0,-0.2032,0.3048,0,
0.515839,0.997118,0.0345609,0.1016,-0.4064,0,-0.2032,0.3048,0,
0.515839,0.997118,0.0345609,0.1016,-0.4064,0,-0.2032,0.3048,0,
0.515839,0.997118,0.0345609,0.1016,-0.4064,0,-0.2032,0.3048,0,
0.515839,0.997118,0.0345609,0.1016,-0.4064,0,-0.2032,0.3048,0,
0.515839,0.997118,0.0345609,0.1016,-0.4064,0,-0.2032,0.3048,0,
0.515839,0.997118,0.0345609,0.1016,-0.4064,0,-0.2032,0.3048,0,
0.515839,0.997118,0.0345609,0.1016,-0.4064,0,-0.2032,0.3048,0,
0.515839,0.997118,0.0345609,0.1016,-0.4064,0,-0.2032,0.3048,0,
0.515839,0.997118,0.0345609,0.1016,-0.4064,0,-0.2032,0.3048,0,
0.515839,0.997118,0.0345609,0.1016,-0.4064,0,-0.2032,0.3048,0,
0.515839,0.997118,0.0345609,0.1016,-0.4064,0,-0.2032,0.3048,0,
0.515839,0.997118,0.0345609,0.1016,-0.4064,0,-0.2032,0.3048,0,
0.515839,0.997118,0.0345609,0.1016,-0.4064,0,-0.2032,0.3048,0,
0.515839,0.997118,0.0345609,0.1016,-0.4064,0,-0.2032,0.3048,0,
0.515839,0.997118,0.0345609,0.1016,-0.4064,0,-0.2032,0.3048,0,
0.515839,0.997118,0.0345609,0.1016,-0.4064,0,-0.2032,0.3048,0,
0.515839,0.997118,0.0345609,0.1016,-0.4064,0,-0.2032,0.3048,0,
0.515839,0.997118,0.0345609,0.1016,-0.4064,0,-0.2032,0.3048,0,
0.515839,0.997118,0.0345609,0.1016,-0.4064,0,-0.2032,0.3048,0,
0.515839,0.997118,0.0345609,0.1016,-0.4064,0,-0.2032,0.3048,0,
0.515839,0.997118,0.0345609,0.1016,-0.4064,0,-0.2032,0.3048,0,
0.515839,0.997118,0.0345609,0.1016,-0.4064,0,-0.2032,0.3048,0,
0.515839,0.997118,0.0345609,0.1016,-0.4064,0,-0.2032,0.3048,0,
0.515839,0.997118,0.0345609,0.1016,-0.4064,0,-0.2032,0.3048,0,
0.515839,0.997118,0.0345609,0.1016,-0.4064,0,-0.2032,0.3048,0,
0.515839,0.997118,0.0345609,0.1016,-0.4064,0,-0.2032,0.3048,0,
0.515839,0.997118,0.0345609,0.1016,-0.4064,0,-0.2032,0.3048,0,
0.515839,0.997118,0.0345609,0.1016,-0.4064,0,-0.2032,0.3048,0,
0.515839,0.997118,0.0345609,0.1016,-0.4064,0,-0.2032,0.3048,0,
0.515839,0.997118,0.0345609,0.1016,-0.4064,0,-0.2032,0.3048,0,
0.515839,0.997118,0.0345609,0.1016,-0.4064,0,-0.2032,0.3048,0,
0.515839,0.997118,0.0345609,0.1016,-0.4064,0,-0.2032,0.3048,0,
0.515839,0.997118,0.0345609,0.1016,-0.4064,0,-0.2032,0.3048,0,
0.515839,0.997118,0.0345609,0.1016,-0.4064,0,-0.2032,0.3048,0,
0.515839,0.997118,0.0345609,0.1016,-0.4064,0,-0.2032,0.3048,0,
0.515839,0.997118,0.0345609,0.1016,-0.4064,0,-0.2032,0.3048,0,
0.515839,0.997118,0.0345609,0.1016,-0.4064,0,-0.2032,0.3048,0,
0.515839,0.997118,0.0345609,0.1016,-0.4064,0,-0.2032,0.3048,0,
0.515839,0.997118,0.0345609,0.1016,-0.4064,0,-0.2032,0.3048,0,
0.515839,0.997118,0.0345609,0.1016,-0.4064,0,-0.2032,0.3048,0,
0.515839,0.997118,0.0345609,0.1016,-0.4064,0,-0.2032,0.3048,0,
0.515839,0.997118,0.0345609,0.1016,-0.4064,0,-0.2032,0.3048,0,
0.515839,0.997118,0.0345609,0.1016,-0.4064,0,-0.2032,0.3048,0,
0.515839,0.997118,0.0345609,0.1016,-0.4064,0,-0.2032,0.3048,0,
0.515839,0.997118,0.0345609,0.1016,-0.4064,0,-0.2032,0.3048,0,
0.515839,0.997118,0.0345609,0.1016,-0.4064,0,-0.2032,0.3048,0,
0.515839,0.997118,0.0345609,0.1016,-0.4064,0,-0.2032,0.3048,0,
0.515839,0.997118,0.0345609,0.1016,-0.4064,0,-0.2032,0.3048,0,
0.515839,0.997118,0.0345609,0.1016,-0.4064,0,-0.2032,0.3048,0,
0.515839,0.997118,0.0345609,0.1016,-0.4064,0,-0.2032,0.3048,0,
0.515839,0.997118,0.0345609,0.1016,-0.4064,0,-0.2032,0.3048,0,
0.515839,0.997118,0.0345609,0.1016,-0.4064,0,-0.2032,0.3048,0,
0.515839,0.997118,0.0345609,0.1016,-0.4064,0,-0.2032,0.3048,0,
0.515839,0.997118,0.0345609,0.1016,-0.4064,0,-0.2032,0.3048,0,
0.515839,0.997118,0.0345609,0.1016,-0.4064,0,-0.2032,0.3048,0,
0.515839,0.997118,0.0345609,0.1016,-0.4064,0,-0.2032,0.3048,0,
0.515839,0.997118,0.0345609,0.1016,-0.4064,0,-0.2032,0.3048,0,
0.515839,0.997118,0.0345609,0.1016,-0.4064,0,-0.2032,0.3048,0,
0.515839,0.997118,0.0345609,0.1016,-0.4064,0,-0.2032,0.3048,0,
0.515839,0.997118,0.0345609,0.1016,-0.4064,0,-0.2032,0.3048,0,
0.515839,0.997118,0.0345609,0.1016,-0.4064,0,-0.2032,0.3048,0,
0.515839,0.997118,0.0345609,0.1016,-0.4064,0,-0.2032,0.3048,0,
0.515839,0.997118,0.0345609,0.1016,-0.4064,0,-0.2032,0.3048,0,
0.515839,0.997118,0.0345609,0.1016,-0.4064,0,-0.2032,0.3048,0,
0.515839,0.997118,0.0345609,0.1016,-0.4064,0,-0.2032,0.3048,0,
0.515839,0.997118,0.0345609,0.1016,-0.4064,0,-0.2032,0.3048,0,
0.515839,0.997118,0.0345609,0.1016,-0.4064,0,-0.2032,0.3048,0,
0.515839,0.997118,0.0345609,0.1016,-0.4064,0,-0.2032,0.3048,0,
0.515839,0.997118,0.0345609,0.1016,-0.4064,0,-0.2032,0.3048,0,
0.515839,0.997118,0.0345609,0.1016,-0.4064,0,-0.2032,0.3048,0,
0.515839,0.997118,0.0345609,0.1016,-0.4064,0,-0.2032,0.3048,0,
0.515839,0.997118,0.0345609,0.1016,-0.4064,0,-0.2032,0.3048,0,
0.515839,0.997118,0.0345609,0.1016,-0.4064,0,-0.2032,0.3048,0,
0.515839,0.997118,0.0345609,0.1016,-0.4064,0,-0.2032,0.3048,0,
0.515839,0.997118,0.0345609,0.1016,-0.4064,0,-0.2032,0.3048,0,
0.515839,0.997118,0.0345609,0.1016,-0.4064,0,-0.2032,0.3048,0,
0.515839,0.997118,0.0345609,0.1016,-0.4064,0,-0.2032,0.3048,0,
0.515839,0.997118,0.0345609,0.1016,-0.4064,0,-0.2032,0.3048,0,
0.515839,0.997118,0.0345609,0.1016,-0.4064,0,-0.2032,0.3048,0,
0.515839,0.997118,0.0345609,0.1016,-0.4064,0,-0.2032,0.3048,0,
0.515839,0.997118,0.0345609,0.1016,-0.4064,0,-0.2032,0.3048,0,
0.515839,0.997118,0.0345609,0.1016,-0.4064,0,-0.2032,0.3048,0,
0.515839,0.997118,0.0345609,0.1016,-0.4064,0,-0.2032,0.3048,0,
0.515839,0.997118,0.0345609,0.1016,-0.4064,0,-0.2032,0.3048,0,
0.515839,0.997118,0.0345609,0.1016,-0.4064,0,-0.2032,0.3048,0,
0.515839,0.997118,0.0345609,0.1016,-0.4064,0,-0.2032,0.3048,0,
0.515839,0.997118,0.0345609,0.1016,-0.4064,0,-0.2032,0.3048,0,
0.515839,0.997118,0.0345609,0.1016,-0.4064,0,-0.2032,0.3048,0,
0.515839,0.997118,0.0345609,0.1016,-0.4064,0,-0.2032,0.3048,0,
0.515839,0.997118,0.0345609,0.1016,-0.4064,0,-0.2032,0.3048,0,
0.515839,0.997118,0.0345609,0.1016,-0.4064,0,-0.2032,0.3048,0,
0.515839,0.997118,0.0345609,0.1016,-0.4064,0,-0.2032,0.3048,0,
0.515839,0.997118,0.0345609,0.1016,-0.4064,0,-0.2032,0.3048,0,
0.515839,0.997118,0.0345609,0.1016,-0.4064,0,-0.2032,0.3048,0,
0.515839,0.997118,0.0345609,0.1016,-0.4064,0,-0.2032,0.3048,0,
0.515839,0.997118,0.0345609,0.1016,-0.4064,0,-0.2032,0.3048,0,
0.515839,0.997118,0.0345609,0.1016,-0.4064,0,-0.2032,0.3048,0,
0.515839,0.997118,0.0345609,0.1016,-0.4064,0,-0.2032,0.3048,0,
0.515839,0.997118,0.0345609,0.1016,-0.4064,0,-0.2032,0.3048,0,
0.515839,0.997118,0.0345609,0.1016,-0.4064,0,-0.2032,0.3048,0,
0.515839,0.997118,0.0345609,0.1016,-0.4064,0,-0.2032,0.3048,0,
0.515839,0.997118,0.0345609,0.1016,-0.4064,0,-0.2032,0.3048,0,
0.515839,0.997118,0.0345609,0.1016,-0.4064,0,-0.2032,0.3048,0,
0.515839,0.997118,0.0345609,0.1016,-0.4064,0,-0.2032,0.3048,0,
0.515839,0.997118,0.0345609,0.1016,-0.4064,0,-0.2032,0.3048,0,
0.515839,0.997118,0.0345609,0.1016,-0.4064,0,-0.2032,0.3048,0,
0.515839,0.997118,0.0345609,0.1016,-0.4064,0,-0.2032,0.3048,0,
0.515839,0.997118,0.0345609,0.1016,-0.4064,0,-0.2032,0.3048,0,
0.515839,0.997118,0.0345609,0.1016,-0.4064,0,-0.2032,0.3048,0,
0.515839,0.997118,0.0345609,0.1016,-0.4064,0,-0.2032,0.3048,0,
0.515839,0.997118,0.0345609,0.1016,-0.4064,0,-0.2032,0.3048,0,
0.515839,0.997118,0.0345609,0.1016,-0.4064,0,-0.2032,0.3048,0,
0.515839,0.997118,0.0345609,0.1016,-0.4064,0,-0.2032,0.3048,0,
0.515839,0.997118,0.0345609,0.1016,-0.4064,0,-0.2032,0.3048,0,
0.515839,0.997118,0.0345609,0.1016,-0.4064,0,-0.2032,0.3048,0,
0.515839,0.997118,0.0345609,0.1016,-0.4064,0,-0.2032,0.3048,0,
0.515839,0.997118,0.0345609,0.1016,-0.4064,0,-0.2032,0.3048,0,
0.515839,0.997118,0.0345609,0.1016,-0.4064,0,-0.2032,0.3048,0,
0.515839,0.997118,0.0345609,0.1016,-0.4064,0,-0.2032,0.3048,0,
0.516427,0.997856,0.0349993,0.4064,-0.1016,0,-0.3048,0.3048,0,
0.516427,0.997856,0.0349993,0.4064,-0.1016,0,-0.3048,0.3048,0,
0.516427,0.997856,0.0349993,0.4064,-0.1016,0,-0.3048,0.3048,0,
0.516427,0.997856,0.0349993,0.4064,-0.1016,0,-0.3048,0.3048,0,
0.516427,0.997856,0.0349993,0.4064,-0.1016,0,-0.3048,0.3048,0,
0.516427,0.997856,0.0349993,0.4064,-0.1016,0,-0.3048,0.3048,0,
0.516427,0.997856,0.0349993,0.4064,-0.1016,0,-0.3048,0.3048,0,
0.516428,0.997856,0.0349993,0.1016,-0.4064,0,-0.3048,0.3048,0,
0.516428,0.997856,0.0349993,0.1016,-0.4064,0,-0.3048,0.3048,0,
0.516428,0.997856,0.0349993,0.1016,-0.4064,0,-0.3048,0.3048,0,
0.516428,0.997856,0.0349993,0.1016,-0.4064,0,-0.3048,0.3048,0,
0.516428,0.997856,0.0349993,0.1016,-0.4064,0,-0.3048,0.3048,0,
0.516428,0.997856,0.0349993,0.1016,-0.4064,0,-0.3048,0.3048,0,
0.516428,0.997856,0.0349993,0.1016,-0.4064,0,-0.3048,0.3048,0,
0.516428,0.997856,0.0349993,0.1016,-0.4064,0,-0.3048,0.3048,0,
0.516428,0.997856,0.0349993,0.1016,-0.4064,0,-0.3048,0.3048,0,
0.516428,0.997856,0.0349993,0.1016,-0.4064,0,-0.3048,0.3048,0,
0.516428,0.997856,0.0349993,0.1016,-0.4064,0,-0.3048,0.3048,0,
0.516428,0.997856,0.0349993,0.1016,-0.4064,0,-0.3048,0.3048,0,
0.516428,0.997856,0.0349993,0.1016,-0.4064,0,-0.3048,0.3048,0,
0.516428,0.997856,0.0349993,0.1016,-0.4064,0,-0.3048,0.3048,0,
0.516428,0.997856,0.0349993,0.1016,-0.4064,0,-0.3048,0.3048,0,
0.516428,0.997856,0.0349993,0.1016,-0.4064,0,-0.3048,0.3048,0,
0.516428,0.997856,0.0349993,0.1016,-0.4064,0,-0.3048,0.3048,0,
0.516428,0.997856,0.0349993,0.1016,-0.4064,0,-0.3048,0.3048,0,
0.516428,0.997856,0.0349993,0.1016,-0.4064,0,-0.3048,0.3048,0,
0.516428,0.997856,0.0349993,0.1016,-0.4064,0,-0.3048,0.3048,0,
0.516428,0.997856,0.0349993,0.1016,-0.4064,0,-0.3048,0.3048,0,
0.516428,0.997856,0.0349993,0.1016,-0.4064,0,-0.3048,0.3048,0,
0.516428,0.997856,0.0349993,0.1016,-0.4064,0,-0.3048,0.3048,0,
0.516428,0.997856,0.0349993,0.1016,-0.4064,0,-0.3048,0.3048,0,
0.516428,0.997856,0.0349993,0.1016,-0.4064,0,-0.3048,0.3048,0,
0.516428,0.997856,0.0349993,0.1016,-0.4064,0,-0.3048,0.3048,0,
0.516428,0.997856,0.0349993,0.1016,-0.4064,0,-0.3048,0.3048,0,
0.516428,0.997856,0.0349993,0.1016,-0.4064,0,-0.3048,0.3048,0,
0.516428,0.997856,0.0349993,0.1016,-0.4064,0,-0.3048,0.3048,0,
0.516428,0.997856,0.0349993,0.1016,-0.4064,0,-0.3048,0.3048,0,
0.516428,0.997856,0.0349993,0.1016,-0.4064,0,-0.3048,0.3048,0,
0.516428,0.997856,0.0349993,0.1016,-0.4064,0,-0.3048,0.3048,0,
0.516487,0.99622,0.0367529,-0.4064,-0.2032,0,0.2032,0.2032,0,
0.516487,0.99622,0.0367529,-0.4064,-0.2032,0,0.2032,0.2032,0,
0.516641,0.997041,0.0362414,-0.2032,-0.3048,0,0.1016,0.4064,0,
0.518063,0.997182,0.0389449,0.3048,-0.1016,0,-0.4064,0.3048,0,
0.518064,0.997182,0.0389449,0.1016,-0.3048,0,-0.3048,0.4064,0,
0.518064,0.997182,0.0389449,0.1016,-0.3048,0,-0.3048,0.4064,0,
0.518759,0.996746,0.0407716,0.1016,-0.3048,0,-0.2032,0.4064,0,
0.518759,0.996746,0.0407716,0.1016,-0.3048,0,-0.2032,0.4064,0,
0.520412,0.997861,0.0429636,-0.3048,-0.2032,0,0.4064,0.3048,0,
0.520436,0.997763,0.0431098,0.3048,-0.4064,0,-0.2032,0.3048,0,
0.520611,0.996724,0.044498,0.2032,-0.508,0,-0.2032,0.2032,0,
0.520612,0.996725,0.044498,-0.2032,-0.508,0,0.2032,0.2032,0,
0.520612,0.996725,0.044498,-0.2032,-0.508,0,0.2032,0.2032,0,
0.520612,0.996725,0.044498,-0.2032,-0.508,0,0.2032,0.2032,0,
0.521555,0.998248,0.0448634,-0.3048,-0.4064,0,0.4064,0.1016,0,
0.521878,0.998162,0.0455941,-0.2032,-0.4064,0,0.3048,0.3048,0,
0.522618,0.996646,0.0485898,0.3048,-0.1016,0,-0.3048,0.3048,0,
0.522618,0.996646,0.0485898,0.3048,-0.1016,0,-0.3048,0.3048,0,
0.522618,0.996646,0.0485898,0.1016,-0.3048,0,-0.3048,0.3048,0,
0.522618,0.996646,0.0485898,0.1016,-0.3048,0,-0.3048,0.3048,0,
0.522618,0.996646,0.0485898,0.3048,-0.1016,0,-0.3048,0.3048,0,
0.522618,0.996646,0.0485898,0.1016,-0.3048,0,-0.3048,0.3048,0,
0.522618,0.996646,0.0485898,0.3048,-0.1016,0,-0.3048,0.3048,0,
0.522673,0.997194,0.0481514,0.3048,-0.1016,0,-0.3048,0.4064,0,
0.522673,0.997194,0.0481514,0.3048,-0.1016,0,-0.3048,0.4064,0,
0.523731,0.996388,0.0510741,0.1016,-0.4064,0,-0.1016,0.3048,0,
0.523742,0.997945,0.0495397,0.2032,-0.508,0,-0.3048,0.2032,0,
0.52397,0.998401,0.0495397,0.1016,-0.4064,0,-0.4064,0.3048,0,
0.52397,0.998401,0.0495397,0.1016,-0.4064,0,-0.4064,0.3048,0,
0.52397,0.998401,0.0495397,0.1016,-0.4064,0,-0.4064,0.3048,0,
0.52397,0.998401,0.0495397,0.4064,-0.1016,0,-0.3048,0.4064,0,
0.52397,0.998401,0.0495397,0.1016,-0.4064,0,-0.4064,0.3048,0,
0.52397,0.998401,0.0495397,0.1016,-0.4064,0,-0.4064,0.3048,0,
0.52397,0.998401,0.0495397,0.1016,-0.4064,0,-0.4064,0.3048,0,
0.52397,0.998401,0.0495397,0.1016,-0.4064,0,-0.4064,0.3048,0,
0.52397,0.998401,0.0495397,0.1016,-0.4064,0,-0.4064,0.3048,0,
0.52397,0.998401,0.0495397,0.1016,-0.4064,0,-0.4064,0.3048,0,
0.52397,0.998401,0.0495397,0.1016,-0.4064,0,-0.4064,0.3048,0,
0.52397,0.998401,0.0495397,0.1016,-0.4064,0,-0.4064,0.3048,0,
0.524751,0.995505,0.0539968,0.4064,-0.4064,0,-0.1016,0.2032,0,
0.524751,0.995505,0.0539968,-0.4064,-0.4064,0,0.2032,0.1016,0,
0.530551,0.997827,0.0632764,0.508,-0.1016,0,-0.2032,0.3048,0,
0.530551,0.997827,0.0632764,0.508,-0.1016,0,-0.2032,0.3048,0,
0.531034,0.997987,0.0640801,0.4064,-0.1016,0,-0.2032,0.4064,0,
0.531961,0.997942,0.0659798,0.1016,-0.4064,0,-0.2032,0.4064,0,
0.53265,0.998663,0.0666375,0.508,-0.1016,0,-0.2032,0.4064,0,
0.533278,0.9959,0.0706561,0.1016,-0.3048,0,-0.2032,0.3048,0,
0.533278,0.9959,0.0706561,0.1016,-0.3048,0,-0.2032,0.3048,0,
0.533278,0.9959,0.0706561,0.1016,-0.3048,0,-0.2032,0.3048,0,
0.533278,0.9959,0.0706561,0.3048,-0.1016,0,-0.3048,0.2032,0,
0.533526,0.997783,0.0692679,0.508,-0.1016,0,-0.3048,0.2032,0,
0.534372,0.997139,0.0716061,0.4064,-0.1016,0,-0.2032,0.3048,0,
0.534372,0.997139,0.0716061,0.4064,-0.1016,0,-0.2032,0.3048,0,
0.534372,0.997139,0.0716061,0.4064,-0.1016,0,-0.2032,0.3048,0,
0.534372,0.997139,0.0716061,0.4064,-0.1016,0,-0.2032,0.3048,0,
0.534372,0.997139,0.0716061,0.4064,-0.1016,0,-0.2032,0.3048,0,
0.534372,0.997139,0.0716061,0.4064,-0.1016,0,-0.2032,0.3048,0,
0.534372,0.997139,0.0716061,0.4064,-0.1016,0,-0.2032,0.3048,0,
0.534373,0.99714,0.0716061,0.1016,-0.4064,0,-0.3048,0.2032,0,
0.534373,0.99714,0.0716061,0.1016,-0.4064,0,-0.3048,0.2032,0,
0.534373,0.99714,0.0716061,0.1016,-0.4064,0,-0.3048,0.2032,0,
0.534373,0.99714,0.0716061,0.1016,-0.4064,0,-0.3048,0.2032,0,
0.534373,0.99714,0.0716061,0.1016,-0.4064,0,-0.3048,0.2032,0,
0.534373,0.99714,0.0716061,0.1016,-0.4064,0,-0.3048,0.2032,0,
0.534373,0.99714,0.0716061,0.1016,-0.4064,0,-0.3048,0.2032,0,
0.534373,0.99714,0.0716061,0.1016,-0.4064,0,-0.3048,0.2032,0,
0.534373,0.99714,0.0716061,0.1016,-0.4064,0,-0.3048,0.2032,0,
0.534373,0.99714,0.0716061,0.1016,-0.4064,0,-0.3048,0.2032,0,
0.534373,0.99714,0.0716061,0.1016,-0.4064,0,-0.3048,0.2032,0,
0.534373,0.99714,0.0716061,0.1016,-0.4064,0,-0.3048,0.2032,0,
0.534373,0.99714,0.0716061,0.1016,-0.4064,0,-0.3048,0.2032,0,
0.534373,0.99714,0.0716061,0.1016,-0.4064,0,-0.3048,0.2032,0,
0.534707,0.998685,0.0707292,0.1016,-0.4064,0,-0.508,0.3048,0,
0.535209,0.998448,0.0719714,0.4064,-0.1016,0,-0.2032,0.508,0,
0.53521,0.998448,0.0719714,0.1016,-0.4064,0,-0.508,0.2032,0,
0.53521,0.998448,0.0719714,0.1016,-0.4064,0,-0.508,0.2032,0,
0.53521,0.998448,0.0719714,0.1016,-0.4064,0,-0.508,0.2032,0,
0.537021,0.995348,0.0786936,-0.3048,-0.2032,0,0.2032,0.2032,0,
0.538459,0.99837,0.0785474,0.4064,-0.1016,0,-0.4064,0.3048,0,
0.538459,0.99837,0.0785474,0.4064,-0.1016,0,-0.4064,0.3048,0,
0.538459,0.998371,0.0785474,0.1016,-0.4064,0,-0.3048,0.4064,0,
0.538754,0.996988,0.0805203,0,-0.4064,0,-0.2032,0.3048,0,
0.540646,0.996827,0.0844659,-0.2032,-0.6096,0,0.2032,0.2032,0,
0.540941,0.998,0.0838813,0.4064,-0.4064,0,-0.2032,0.3048,0,
0.540941,0.998,0.0838813,0.4064,-0.4064,0,-0.2032,0.3048,0,
0.540941,0.998,0.0838813,0.4064,-0.4064,0,-0.2032,0.3048,0,
0.541403,0.997902,0.0849043,0.2032,-0.508,0,-0.2032,0.3048,0,
0.541403,0.997902,0.0849043,0.2032,-0.508,0,-0.2032,0.3048,0,
0.541403,0.997902,0.0849043,0.2032,-0.508,0,-0.2032,0.3048,0,
0.541769,0.998633,0.0849043,0.1016,-0.4064,0,-0.6096,0.3048,0,
0.5418,0.995334,0.0882654,0.2032,-0.2032,0,-0.2032,0.3048,0,
0.5418,0.995334,0.0882654,0.2032,-0.2032,0,-0.2032,0.3048,0,
0.5418,0.995335,0.0882654,0.2032,-0.2032,0,-0.3048,0.2032,0,
0.5418,0.995335,0.0882654,0.2032,-0.2032,0,-0.3048,0.2032,0,
0.541897,0.995601,0.0881923,0.3048,-0.6096,0,-0.2032,0.1016,0,
0.542864,0.997682,0.0880462,-0.3048,-0.2032,0,0.6096,0.1016,0,
0.54415,0.997915,0.0903844,-0.2032,-0.4064,0,-0.1016,0.4064,0,
0.547807,0.995876,0.0997369,0.1016,-0.4064,0,-0.2032,0.2032,0,
0.549028,0.998465,0.0995908,-0.4064,-0.3048,0,0.3048,0.3048,0,
0.549028,0.998465,0.0995908,0.3048,-0.4064,0,-0.3048,0.3048,0,
0.549217,0.996871,0.101564,-0.508,-0.508,0,0.2032,0.2032,0,
0.553503,0.995139,0.111866,0.3048,-0.1016,0,-0.3048,0.1016,0,
0.553503,0.995139,0.111866,0.3048,-0.1016,0,-0.3048,0.1016,0,
0.553768,0.9964,0.111135,0.1016,-0.4064,0,0.1016,0.3048,0,
0.554518,0.998704,0.110332,0.1016,-0.4064,0,0.3048,0.508,0,
0.555219,0.998425,0.112012,0.1016,-0.4064,0,0.3048,0.4064,0,
0.555324,0.998052,0.112597,0.4064,-0.1016,0,-0.508,0,0,
0.555325,0.998053,0.112597,0.1016,-0.4064,0,0,0.508,0,
0.555325,0.998053,0.112597,0.1016,-0.4064,0,0,0.508,0,
0.555325,0.998053,0.112597,0.1016,-0.4064,0,0,0.508,0,
0.556182,0.998013,0.11435,0.508,-0.3048,0,-0.3048,0.2032,0,
0.558125,0.9981,0.11815,-0.2032,-0.6096,0,-0.2032,0.3048,0,
0.559732,0.996345,0.123119,0.1016,-0.3048,0,0.1016,0.4064,0,
0.559732,0.996345,0.123119,0.1016,-0.3048,0,0.1016,0.4064,0,
0.559732,0.996345,0.123119,0.1016,-0.3048,0,0.1016,0.4064,0,
0.559918,0.99891,0.120926,0.1016,-0.4064,0,0.4064,0.508,0,
0.561446,0.9959,0.126991,0.3048,-0.1016,0,-0.2032,0.3048,0,
0.561446,0.9959,0.126991,0.3048,-0.1016,0,-0.2032,0.3048,0,
0.561446,0.9959,0.126991,0.3048,-0.1016,0,-0.2032,0.3048,0,
0.561446,0.9959,0.126991,0.3048,-0.1016,0,-0.2032,0.3048,0,
0.562894,0.998798,0.126991,0.1016,-0.4064,0,0.4064,0.6096,0,
0.564765,0.994428,0.135102,0.508,-0.1016,0,-0.2032,0,0,
0.565425,0.99838,0.132471,0.4064,-0.1016,0,-0.508,0.2032,0,
0.567479,0.998834,0.136125,0.1016,-0.4064,0,0.508,0.6096,0,
0.567479,0.998834,0.136125,0.1016,-0.4064,0,0.508,0.6096,0,
0.567911,0.99714,0.138682,0.1016,-0.4064,0,0.2032,0.3048,0,
0.56797,0.997989,0.137951,-0.2032,-0.508,0,-0.2032,0.3048,0,
0.568563,0.998225,0.138901,0.4064,-0.1016,0,-0.1016,0.6096,0,
0.569365,0.994423,0.144308,0.1016,-0.4064,0,-0.1016,0.2032,0,
0.569365,0.994423,0.144308,0.1016,-0.4064,0,-0.1016,0.2032,0,
0.569833,0.998208,0.141458,0.4064,-0.1016,0,-0.1016,0.508,0,
0.569834,0.998209,0.141458,0.1016,-0.4064,0,-0.508,0.1016,0,
0.570919,0.997969,0.14387,0.6096,-0.3048,0,-0.2032,0.3048,0,
0.573199,0.999095,0.147304,-0.3048,-0.6096,0,0.508,0.1016,0,
0.577454,0.997594,0.157314,0.4064,-0.1016,0,-0.1016,0.4064,0,
0.577454,0.997595,0.157314,0.1016,-0.4064,0,-0.4064,0.1016,0,
0.578028,0.999107,0.156949,-0.508,-0.508,0,0,0.508,0,
0.579355,0.997889,0.160821,0.1016,-0.4064,0,0.3048,0.3048,0,
0.579355,0.997889,0.160821,0.1016,-0.4064,0,0.3048,0.3048,0,
0.579355,0.997889,0.160821,0.1016,-0.4064,0,0.3048,0.3048,0,
0.579928,0.998159,0.161698,0.1016,-0.4064,0,-0.1016,0.6096,0,
0.58543,0.998348,0.172512,0.1016,-0.4064,0,-0.2032,0.6096,0,
0.586746,0.998496,0.174996,0.508,-0.508,0,-0.1016,0.4064,0,
0.586746,0.998496,0.174996,0.508,-0.508,0,-0.1016,0.4064,0,
0.588726,0.998436,0.179015,0.1016,-0.4064,0,0.4064,0.3048,0,
0.591452,0.99797,0.184934,0.508,-0.508,0,-0.2032,0.3048,0,
0.591862,0.993821,0.189902,0.2032,-0.1016,0,-0.3048,0.2032,0,
0.593583,0.997482,0.189683,-0.2032,-0.4064,0,-0.2032,0.3048,0,
0.593583,0.997482,0.189683,-0.2032,-0.4064,0,-0.2032,0.3048,0,
0.593952,0.998734,0.189171,0.4064,-0.1016,0,-0.6096,0.4064,0,
0.593953,0.998735,0.189171,0.1016,-0.4064,0,-0.4064,0.6096,0,
0.594498,0.996391,0.192606,0.1016,-0.4064,0,-0.3048,0.1016,0,
0.595276,0.999626,0.190925,-0.2032,-0.6096,0,-0.508,0.3048,0,
0.597797,0.999627,0.195967,-0.2032,-0.508,0,-0.6096,0.4064,0,
0.610706,0.998849,0.222563,-0.3048,-0.508,0,-0.3048,0.3048,0,
0.611188,0.993821,0.228555,0.2032,-0.1016,0,-0.2032,0.3048,0,
0.620591,0.994359,0.246822,0.1016,-0.4064,0,-0.2032,0.1016,0,
0.624701,0.995858,0.253544,0.1016,-0.4064,0,0.2032,0.2032,0,
0.624701,0.995858,0.253544,0.1016,-0.4064,0,0.2032,0.2032,0,
0.624701,0.995858,0.253544,0.1016,-0.4064,0,0.2032,0.2032,0,
0.624701,0.995858,0.253544,0.1016,-0.4064,0,0.2032,0.2032,0,
0.624701,0.995858,0.253544,0.1016,-0.4064,0,0.2032,0.2032,0,
0.624701,0.995858,0.253544,0.1016,-0.4064,0,0.2032,0.2032,0,
0.624701,0.995858,0.253544,0.1016,-0.4064,0,0.2032,0.2032,0,
0.625565,0.998098,0.253032,-0.4064,-0.4064,0,-0.2032,0.3048,0,
0.629305,0.998928,0.259681,0.4064,-0.508,0,0.3048,0.3048,0,
0.63371,0.997948,0.269473,-0.2032,-0.508,0,-0.3048,0.2032,0,
0.640238,0.998071,0.282405,-0.6096,-0.4064,0,-0.2032,0.3048,0,
0.647863,0.997976,0.29775,-0.4064,-0.6096,0,-0.3048,0.2032,0,
0.650583,0.991287,0.309879,0.4064,-0.1016,0,-0.1016,0.1016,0,
0.651349,0.999468,0.30323,0.3048,-0.4064,0,0.6096,0.4064,0,
0.659896,0.997346,0.322446,-0.2032,-0.3048,0,-0.3048,0.3048,0,
0.659896,0.997346,0.322446,-0.2032,-0.3048,0,-0.3048,0.3048,0,
0.659896,0.997346,0.322446,-0.2032,-0.3048,0,-0.3048,0.3048,0,
0.662941,0.999125,0.326757,0.1016,-0.6096,0,-0.2032,0.508,0,
0.669058,0.998061,0.340056,-0.508,-0.3048,0,-0.2032,0.3048,0,
0.671519,0.990488,0.35255,0.1016,-0.1016,0,-0.2032,0.3048,0,
0.672155,0.997897,0.346412,-0.2032,-0.3048,0,-0.4064,0.3048,0,
0.672155,0.997897,0.346412,-0.2032,-0.3048,0,-0.4064,0.3048,0,
0.675326,0.996641,0.354011,0.6096,-0.4064,0,0.2032,0.2032,0,
0.680225,0.999498,0.360953,0.4064,-0.4064,0,-0.6096,0.4064,0,
0.681318,0.99803,0.364606,-0.508,-0.508,0,-0.3048,0.2032,0,
0.69126,0.999501,0.383019,0.3048,-0.508,0,-0.4064,0.6096,0,
0.697033,0.99753,0.396537,0.1016,-0.4064,0,0.4064,0.1016,0,
0.697033,0.99753,0.396537,0.1016,-0.4064,0,0.4064,0.1016,0,
0.702097,0.994213,0.409981,0.1016,-0.4064,0,0.2032,0.1016,0,
0.703647,0.99797,0.409323,-0.4064,-0.4064,0,-0.3048,0.2032,0,
0.714625,0.996545,0.432705,-0.2032,-0.3048,0,-0.3048,0.2032,0,
0.714625,0.996545,0.432705,-0.2032,-0.3048,0,-0.3048,0.2032,0,
0.714625,0.996545,0.432705,-0.2032,-0.3048,0,-0.3048,0.2032,0,
0.715575,0.996545,0.434605,-0.3048,-0.2032,0,-0.2032,0.3048,0,
0.71706,0.997397,0.436724,-0.4064,-0.2032,0,-0.2032,0.3048,0,
0.71706,0.997397,0.436724,-0.4064,-0.2032,0,-0.2032,0.3048,0,
0.71706,0.997397,0.436724,-0.4064,-0.2032,0,-0.2032,0.3048,0,
0.71706,0.997397,0.436724,-0.4064,-0.2032,0,-0.2032,0.3048,0,
0.721682,0.996045,0.447318,-0.2032,-0.2032,0,-0.3048,0.3048,0,
0.735612,0.988248,0.482975,0.1016,-0.4064,0,-0.1016,0,0,
0.740578,0.997304,0.483852,-0.3048,-0.2032,0,-0.3048,0.3048,0,
0.740578,0.997304,0.483852,-0.3048,-0.2032,0,-0.3048,0.3048,0,
0.745753,0.998667,0.492839,0.4064,-0.1016,0,0.3048,0.508,0,
0.748264,0.998135,0.498393,-0.4064,-0.2032,0,-0.3048,0.3048,0,
0.748264,0.998135,0.498393,-0.4064,-0.2032,0,-0.3048,0.3048,0,
0.761836,0.991157,0.532515,0.1016,-0.1016,0,0.3048,0.3048,0,
0.773306,0.9989,0.547713,0.4064,-0.1016,0,0.508,0.508,0,
0.775952,0.997615,0.554289,-0.2032,-0.3048,0,-0.508,0.1016,0,
0.785449,0.995784,0.575113,-0.3048,-0.1016,0,-0.2032,0.3048,0,
0.791423,0.99648,0.586366,-0.3048,-0.2032,0,-0.3048,0.2032,0,
0.795006,0.99729,0.592722,-0.4064,-0.2032,0,-0.3048,0.2032,0,
0.808757,0.997757,0.619757,-0.4064,-0.1016,0,-0.3048,0.3048,0,
0.821067,0.995561,0.646573,0.4064,-0.1016,0,0.2032,0.2032,0,
0.823079,0.986798,0.65936,-0.2032,-0.3048,0,-0.1016,0,0,
