0,0.561446,0.995901,0.126991,0.1016,-0.3048,0,-0.3048,0.2032,0,
1,0.596292,0.997641,0.194944,0.1016,-0.3048,0,0.6096,0.508,0,
2,0.543508,0.997581,0.0894345,0.1016,-0.3048,0,-0.6096,0.4064,0,
4,0.592046,0.997332,0.18676,0.1016,-0.3048,0,0.6096,0.6096,0,
5,0.589999,0.994481,0.185518,0,-0.2032,0,0.6096,0.6096,0,
6,0.594779,0.997975,0.191583,-0.2032,-0.3048,0,0.6096,0.6096,0,
7,0.558871,0.995282,0.122461,-0.2032,-0.1016,0,0.6096,0.6096,0,
8,0.539572,0.995481,0.0836622,-0.2032,-0.1016,0,0.4064,0.4064,0,
9,0.595293,0.997543,0.193044,0.1016,-0.3048,0,0.4064,0.4064,0,
10,0.550164,0.997742,0.102587,0.1016,-0.3048,0,-0.508,0.508,0,
11,0.738442,0.998804,0.47808,0.6096,-0.508,0,-0.508,0.508,0,
12,0.731148,0.999707,0.46259,-0.508,-0.2032,0,-0.508,0.508,0,
13,0.5341,0.99842,0.0697793,-0.508,-0.2032,0,0.1016,0.4064,0,
14,0.746368,0.991202,0.501534,-0.508,-0.2032,0,-0.1016,0.1016,0,
15,0.702709,0.994999,0.410419,-0.508,-0.2032,0,-0.1016,0.2032,0,
16,0.553058,0.999218,0.106898,-0.508,-0.2032,0,0.2032,0.508,0,
17,0.660262,0.999247,0.321277,0.508,-0.2032,0,0.2032,0.508,0,
18,0.675413,0.999081,0.351746,-0.2032,-0.6096,0,0.2032,0.508,0,
19,0.557143,0.998767,0.11552,0.2032,-0.4064,0,0.2032,0.508,0,
20,0.682301,0.998681,0.365921,-0.508,-0.6096,0,0.2032,0.508,0,
21,0.706938,0.996661,0.417215,-0.508,-0.6096,0,-0.3048,0.1016,0,
22,0.533191,0.997479,0.0689025,0.4064,-0.508,0,-0.3048,0.1016,0,
23,0.565656,0.99928,0.132033,0.4064,-0.508,0,0.1016,0.6096,0,
24,0.713211,0.99949,0.426933,0.4064,-0.508,0,-0.6096,0.508,0,
25,0.710497,0.999615,0.42138,-0.6096,-0.3048,0,-0.6096,0.508,0,
26,0.559303,0.99841,0.120196,-0.6096,-0.3048,0,0,0.4064,0,
27,0.592782,0.998219,0.187345,0.2032,-0.6096,0,0,0.4064,0,
28,0.675416,0.999086,0.351746,0.2032,-0.6096,0,-0.2032,0.508,0,
29,0.564277,0.997253,0.131302,0.2032,-0.6096,0,-0.1016,0.3048,0,
31,0.566068,0.996741,0.135394,-0.2032,-0.4064,0,-0.1016,0.3048,0,
32,0.636018,0.999057,0.27298,-0.2032,-0.4064,0,0.508,0.6096,0,
33,0.536195,0.9964,0.0759901,-0.2032,-0.4064,0,0,0.3048,0,
36,0.625312,0.9992,0.251425,-0.2032,-0.4064,0,0.508,0.508,0,
37,0.516486,0.99622,0.0367529,-0.2032,-0.4064,0,0.2032,0.2032,0,
38,0.520935,0.99686,0.0450095,-0.3048,-0.508,0,0.2032,0.2032,0,
39,0.666386,0.999438,0.333333,-0.3048,-0.508,0,0.3048,0.508,0,
40,0.674079,0.998897,0.349262,-0.3048,-0.508,0,-0.4064,0.2032,0,
41,0.684279,0.999349,0.369209,-0.3048,-0.508,0,-0.508,0.2032,0,
42,0.622025,0.991894,0.252156,0.1016,-0.1016,0,-0.508,0.2032,0,
43,0.631297,0.999112,0.263481,0.508,-0.2032,0,-0.508,0.2032,0,
44,0.523743,0.997945,0.0495397,0.508,-0.2032,0,-0.2032,0.3048,0,
45,0.602916,0.999052,0.206781,0.508,-0.2032,0,0.1016,0.6096,0,
47,0.759961,0.988649,0.531273,0.1016,0,0,0.1016,0.6096,0,
48,0.578068,0.999114,0.157022,-0.6096,-0.3048,0,0.1016,0.6096,0,
49,0.638274,0.991658,0.28489,-0.1016,-0.1016,0,0.1016,0.6096,0,
50,0.650836,0.998661,0.30301,-0.508,-0.6096,0,0.1016,0.6096,0,
51,0.543901,0.998368,0.0894345,-0.3048,-0.3048,0,0.1016,0.6096,0,
52,0.609007,0.998812,0.219202,-0.3048,-0.3048,0,-0.3048,0.6096,0,
53,0.559637,0.999297,0.119977,0.508,-0.1016,0,-0.3048,0.6096,0,
54,0.6892,0.999107,0.379293,0.6096,-0.4064,0,-0.3048,0.6096,0,
55,0.565519,0.99959,0.131448,-0.4064,-0.6096,0,-0.3048,0.6096,0,
60,0.67436,0.989301,0.359418,0.1016,0,0,-0.3048,0.6096,0,
61,0.5887,0.9997,0.1777,-0.508,-0.508,0,-0.3048,0.6096,0,
62,0.586746,0.998496,0.174996,-0.508,-0.508,0,0.1016,0.4064,0,
64,0.659253,0.99986,0.318647,-0.508,-0.508,0,-0.508,0.4064,0,
65,0.549217,0.996871,0.101564,-0.508,-0.508,0,0.2032,0.2032,0,
66,0.642658,0.998893,0.286424,-0.508,-0.508,0,-0.3048,0.3048,0,
67,0.621626,0.998695,0.244556,-0.508,-0.6096,0,-0.3048,0.3048,0,
68,0.635821,0.992306,0.279337,-0.508,-0.6096,0,-0.1016,0.1016,0,
69,0.861723,0.981228,0.742218,0.1016,0,0,-0.1016,0.1016,0,
70,0.876109,0.983696,0.768523,0.1016,0,0,0,0.2032,0,
71,0.656524,0.994473,0.318574,-0.6096,-0.1016,0,0,0.2032,0,
72,0.607934,0.999005,0.216864,-0.6096,-0.1016,0,0,0.508,0,
73,0.584251,0.99482,0.173681,-0.1016,-0.2032,0,0,0.508,0,
74,0.54864,0.999078,0.0982025,0.508,-0.3048,0,0,0.508,0,
75,0.577153,0.99911,0.155195,-0.4064,-0.508,0,0,0.508,0,
76,0.560021,0.999262,0.12078,-0.4064,-0.508,0,-0.1016,0.508,0,
77,0.610629,0.999864,0.221394,-0.4064,-0.508,0,-0.508,0.6096,0,
78,0.593461,0.998263,0.18866,0.2032,-0.3048,0,-0.508,0.6096,0,
80,0.558979,0.998347,0.119611,0.2032,-0.3048,0,-0.508,0.4064,0,
81,0.514206,0.99787,0.0305422,0.2032,-0.3048,0,-0.4064,0.3048,0,
82,0.629841,0.998759,0.260924,-0.2032,-0.4064,0,-0.4064,0.3048,0,
83,0.559145,0.998532,0.119757,-0.2032,-0.4064,0,-0.1016,0.6096,0,
86,0.649485,0.998955,0.300015,-0.1016,-0.6096,0,-0.1016,0.6096,0,
87,0.585929,0.997007,0.17485,0.3048,-0.1016,0,-0.1016,0.6096,0,
89,0.584097,0.998823,0.16937,0.3048,-0.4064,0,-0.1016,0.6096,0,
90,0.565112,0.999288,0.130937,-0.508,-0.508,0,-0.1016,0.6096,0,
91,0.727371,0.999241,0.455502,-0.508,-0.508,0,0.508,0.6096,0,
92,0.616608,0.999473,0.233743,-0.508,-0.508,0,-0.3048,0.4064,0,
93,0.549217,0.996871,0.101564,-0.508,-0.508,0,0.2032,0.2032,0,
95,0.659253,0.99986,0.318647,-0.508,-0.508,0,-0.508,0.4064,0,
96,0.532319,0.997124,0.0675142,0.2032,-0.2032,0,-0.508,0.4064,0,
98,0.541324,0.99767,0.0849774,0.3048,-0.1016,0,-0.508,0.4064,0,
99,0.549421,0.996768,0.102075,0.3048,-0.1016,0,-0.2032,0.4064,0,
101,0.619846,0.998716,0.240976,0.1016,-0.6096,0,-0.2032,0.4064,0,
102,0.572732,0.999548,0.145916,0.1016,-0.6096,0,0.6096,0.3048,0,
103,0.680198,0.999077,0.361318,0.1016,-0.6096,0,-0.2032,0.6096,0,
104,0.598283,0.999284,0.197282,0.508,-0.3048,0,-0.2032,0.6096,0,
105,0.635316,0.998967,0.271665,0.1016,-0.508,0,-0.2032,0.6096,0,
106,0.620319,0.998712,0.241926,0.1016,-0.508,0,0,0.6096,0,
107,0.561096,0.998489,0.123703,0.4064,-0.2032,0,0,0.6096,0,
108,0.548248,0.996906,0.0995908,-0.1016,-0.3048,0,0,0.6096,0,
109,0.592046,0.997331,0.18676,-0.1016,-0.3048,0,-0.6096,0.6096,0,
111,0.633756,0.995263,0.272249,-0.1016,-0.2032,0,-0.6096,0.6096,0,
112,0.606724,0.994101,0.219348,-0.1016,-0.2032,0,0,0.4064,0,
113,0.551367,0.998466,0.104267,0.4064,-0.508,0,0,0.4064,0,
115,0.544983,0.997243,0.0927225,0.4064,-0.508,0,-0.3048,0,0,
117,0.554432,0.997145,0.11172,0.4064,-0.6096,0,-0.3048,0,0,
118,0.564905,0.996242,0.133567,0.3048,-0.3048,0,-0.3048,0,0,
119,0.5439,0.998365,0.0894345,0.3048,-0.3048,0,-0.6096,0.1016,0,
122,0.548305,0.998554,0.0980564,0.3048,-0.3048,0,-0.508,0.2032,0,
123,0.576961,0.998801,0.155122,0.3048,-0.3048,0,-0.508,0.3048,0,
124,0.662265,0.999381,0.32515,0.3048,-0.6096,0,-0.508,0.3048,0,
125,0.710776,0.998857,0.422695,-0.3048,-0.3048,0,-0.508,0.3048,0,
126,0.776234,0.99416,0.558308,-0.3048,-0.3048,0,-0.2032,0.1016,0,
127,0.604889,0.998978,0.210799,-0.3048,-0.3048,0,0.508,0.4064,0,
128,0.595117,0.994852,0.195382,0,-0.2032,0,0.508,0.4064,0,
129,0.581453,0.994778,0.168128,0,-0.2032,0,-0.508,0.6096,0,
130,0.654658,0.994322,0.314993,0,-0.2032,0,-0.6096,0.2032,0,
131,0.584927,0.998292,0.171562,0,-0.4064,0,-0.6096,0.2032,0,
133,0.568899,0.998458,0.13934,0,-0.4064,0,0.3048,0.6096,0,
134,0.558916,0.998512,0.119319,0,-0.4064,0,0.6096,0.3048,0,
136,0.568947,0.99892,0.138974,-0.2032,-0.4064,0,0.6096,0.3048,0,
137,0.549783,0.998514,0.101052,-0.2032,-0.4064,0,-0.1016,0.508,0,
139,0.530047,0.997914,0.0621803,-0.2032,-0.4064,0,0.4064,0.1016,0,
144,0.749066,0.99784,0.500292,0.6096,-0.508,0,0.4064,0.1016,0,
145,0.577697,0.997421,0.157972,0.6096,-0.508,0,0.1016,0.3048,0,
147,0.571068,0.998193,0.143943,0.6096,-0.508,0,-0.4064,0,0,
148,0.572787,0.999074,0.1465,0.6096,-0.508,0,0.1016,0.508,0,
150,0.759659,0.996594,0.522724,0.3048,0,0,0.1016,0.508,0,
151,0.560021,0.999262,0.12078,0.4064,-0.508,0,0.1016,0.508,0,
152,0.689428,0.994888,0.383969,0.2032,-0.1016,0,0.1016,0.508,0,
153,0.565558,0.994918,0.136198,-0.1016,-0.2032,0,0.1016,0.508,0,
156,0.604727,0.995147,0.214307,-0.1016,-0.2032,0,-0.2032,0.6096,0,
157,0.591854,0.99936,0.184349,-0.6096,-0.4064,0,-0.2032,0.6096,0,
158,0.700669,0.999176,0.402163,-0.6096,-0.4064,0,-0.4064,0.3048,0,
159,0.645793,0.999609,0.291977,-0.6096,-0.4064,0,-0.4064,0.6096,0,
160,0.592196,0.99785,0.186541,-0.6096,-0.4064,0,0.2032,0.3048,0,
161,0.556182,0.998013,0.11435,-0.3048,-0.508,0,0.2032,0.3048,0,
163,0.511201,0.996608,0.0257928,-0.3048,-0.2032,0,0.2032,0.3048,0,
166,0.537021,0.995348,0.0786936,-0.3048,-0.2032,0,0.2032,0.2032,0,
167,0.508956,0.997454,0.0204588,-0.3048,-0.2032,0,0.2032,0.4064,0,
168,0.548134,0.998869,0.0973988,-0.6096,-0.1016,0,0.2032,0.4064,0,
169,0.559153,0.99855,0.119757,0,-0.508,0,0.2032,0.4064,0,
171,0.634172,0.994999,0.273345,0,-0.508,0,0.2032,0.1016,0,
172,0.536946,0.997755,0.0761362,0,-0.508,0,-0.2032,0.3048,0,
173,0.671381,0.998687,0.344074,0,-0.508,0,-0.508,0,0,
174,0.612082,0.998825,0.22534,0,-0.508,0,0.508,0.1016,0,
175,0.582653,0.999443,0.165863,0,-0.508,0,-0.6096,0.508,0,
177,0.66535,0.999339,0.331361,0.3048,-0.4064,0,-0.6096,0.508,0,
178,0.713211,0.99949,0.426933,0.4064,-0.508,0,-0.6096,0.508,0,
179,0.563392,0.9995,0.127283,0.4064,-0.508,0,0.2032,0.6096,0,
180,0.713211,0.99949,0.426933,0.4064,-0.508,0,-0.6096,0.508,0,
181,0.701521,0.995034,0.408008,0.4064,-0.508,0,0.2032,0.1016,0,
182,0.525928,0.995521,0.0563349,-0.508,-0.3048,0,0.2032,0.1016,0,
183,0.676355,0.994387,0.358322,0.6096,-0.6096,0,0.2032,0.1016,0,
184,0.608098,0.999333,0.216864,0.6096,-0.6096,0,0.4064,0.6096,0,
185,0.543944,0.99312,0.0947684,0.6096,-0.6096,0,-0.1016,0.1016,0,
186,0.599724,0.998512,0.200935,0.6096,-0.6096,0,-0.508,0,0,
187,0.707958,0.998556,0.417361,0.6096,-0.6096,0,0.6096,0.2032,0,
188,0.668649,0.997461,0.339836,0.6096,-0.6096,0,-0.3048,0.3048,0,
189,0.662969,0.997718,0.328219,0.6096,-0.6096,0,-0.4064,0.2032,0,
190,0.626716,0.999303,0.254128,0.6096,-0.6096,0,0.508,0.6096,0,
192,0.734807,0.997088,0.472527,0.6096,-0.6096,0,-0.6096,0.6096,0,
193,0.6904,0.991862,0.388938,-0.1016,-0.1016,0,-0.6096,0.6096,0,
194,0.59398,0.998496,0.189464,0.1016,-0.4064,0,-0.6096,0.6096,0,
195,0.666302,0.999052,0.333553,0.3048,-0.4064,0,-0.6096,0.6096,0,
196,0.536092,0.996778,0.0754056,0.3048,-0.4064,0,0,0.3048,0,
197,0.640736,0.998556,0.282917,0.3048,-0.4064,0,0.3048,0.3048,0,
198,0.54093,0.998782,0.0830776,0.3048,-0.4064,0,-0.508,0,0,
200,0.606826,0.999272,0.21438,0.3048,-0.4064,0,-0.508,0.3048,0,
201,0.642631,0.999568,0.285693,0.3048,-0.4064,0,0.508,0.4064,0,
202,0.521556,0.998248,0.0448634,0.3048,-0.4064,0,-0.4064,0.1016,0,
205,0.559024,0.998584,0.119465,0.4064,-0.508,0,-0.4064,0.1016,0,
206,0.609711,0.990795,0.228628,0.4064,-0.508,0,0,0.1016,0,
208,0.540403,0.997437,0.0833699,0.4064,-0.508,0,-0.1016,0.3048,0,
209,0.531227,0.997204,0.0652492,0.2032,-0.508,0,-0.1016,0.3048,0,
211,0.610088,0.995859,0.224317,-0.2032,-0.3048,0,-0.1016,0.3048,0,
212,0.589342,0.998134,0.18055,-0.2032,-0.3048,0,-0.3048,0.6096,0,
213,0.570977,0.995528,0.146427,-0.2032,-0.3048,0,0,0.3048,0,
214,0.537037,0.997061,0.077013,-0.2032,-0.3048,0,0.4064,0.1016,0,
215,0.586746,0.998496,0.174996,-0.508,-0.508,0,0.4064,0.1016,0,
216,0.704477,0.998315,0.410639,0.2032,-0.508,0,0.4064,0.1016,0,
217,0.613545,0.998315,0.228774,-0.6096,-0.1016,0,0.4064,0.1016,0,
220,0.543208,0.996836,0.0895806,-0.6096,-0.1016,0,0.2032,0.2032,0,
221,0.627312,0.999693,0.254932,-0.6096,-0.1016,0,0.4064,0.508,0,
224,0.765482,0.999545,0.531419,-0.6096,-0.1016,0,-0.508,0.6096,0,
225,0.728103,0.994859,0.461347,-0.6096,-0.1016,0,-0.1016,0.2032,0,
226,0.650163,0.999069,0.301257,-0.6096,-0.1016,0,-0.1016,0.6096,0,
227,0.581538,0.994144,0.168932,0,-0.2032,0,-0.1016,0.6096,0,
229,0.565065,0.994956,0.135175,0.1016,-0.2032,0,-0.1016,0.6096,0,
230,0.606724,0.9941,0.219348,0.1016,-0.2032,0,0,0.4064,0,
231,0.567007,0.998254,0.135759,-0.6096,-0.508,0,0,0.4064,0,
232,0.597971,0.99888,0.197063,-0.6096,-0.508,0,-0.2032,0.4064,0,
234,0.574337,0.996767,0.151907,-0.1016,-0.3048,0,-0.2032,0.4064,0,
235,0.531961,0.997942,0.0659798,0.1016,-0.4064,0,-0.2032,0.4064,0,
236,0.529604,0.99754,0.0616689,0.1016,-0.4064,0,-0.1016,0.4064,0,
238,0.560896,0.998528,0.123265,-0.3048,-0.6096,0,-0.1016,0.4064,0,
242,0.599205,0.999083,0.199328,-0.3048,-0.6096,0,-0.1016,0.6096,0,
243,0.632693,0.99891,0.266477,-0.3048,-0.6096,0,0,0.6096,0,
244,0.549951,0.996584,0.103317,0,-0.3048,0,0,0.6096,0,
245,0.574274,0.999051,0.149496,-0.6096,-0.4064,0,0,0.6096,0,
246,0.594811,0.997455,0.192167,-0.6096,-0.4064,0,-0.1016,0.3048,0,
247,0.536717,0.997005,0.0764285,0,-0.508,0,-0.1016,0.3048,0,
248,0.607549,0.999184,0.215914,0,-0.508,0,-0.3048,0.6096,0,
250,0.647542,0.99938,0.295704,0,-0.6096,0,-0.3048,0.6096,0,
251,0.63779,0.999166,0.276414,0.3048,-0.4064,0,-0.3048,0.6096,0,
252,0.696964,0.999218,0.39471,0.508,-0.508,0,-0.3048,0.6096,0,
253,0.616994,0.999077,0.234912,0.508,-0.508,0,-0.508,0.1016,0,
254,0.588655,0.99698,0.18033,0.1016,-0.3048,0,-0.508,0.1016,0,
255,0.567323,0.997426,0.137221,0.1016,-0.3048,0,0.3048,0.6096,0,
257,0.600253,0.992118,0.208388,-0.1016,-0.1016,0,0.3048,0.6096,0,
258,0.5891,0.992025,0.186176,-0.1016,-0.1016,0,0.6096,0.6096,0,
262,0.563007,0.996757,0.129256,-0.2032,-0.2032,0,0.6096,0.6096,0,
266,0.573153,0.999222,0.147085,0.1016,-0.508,0,0.6096,0.6096,0,
269,0.667617,0.997005,0.338229,0.1016,-0.508,0,0.3048,0.1016,0,
270,0.552336,0.998651,0.106021,0.1016,-0.508,0,0.2032,0.4064,0,
271,0.540879,0.998607,0.0831507,-0.4064,-0.3048,0,0.2032,0.4064,0,
274,0.513871,0.997784,0.0299576,-0.4064,-0.3048,0,0.2032,0.3048,0,
279,0.521556,0.998249,0.0448634,-0.4064,-0.3048,0,0.1016,0.4064,0,
280,0.606826,0.999273,0.21438,-0.4064,-0.3048,0,0.3048,0.508,0,
281,0.58439,0.999555,0.169224,0.508,-0.6096,0,0.3048,0.508,0,
282,0.593498,0.999432,0.187564,-0.508,-0.2032,0,0.3048,0.508,0,
283,0.622907,0.999431,0.246383,-0.508,-0.2032,0,0.4064,0.4064,0,
284,0.553058,0.999218,0.106898,-0.508,-0.2032,0,0.2032,0.508,0,
285,0.721823,0.99925,0.444396,-0.508,-0.2032,0,-0.6096,0.6096,0,
286,0.594779,0.997976,0.191583,0.2032,-0.3048,0,-0.6096,0.6096,0,
288,0.540526,0.996877,0.0841736,0.2032,-0.3048,0,0,0.4064,0,
289,0.514206,0.99787,0.0305422,0.2032,-0.3048,0,-0.4064,0.3048,0,
294,0.52397,0.998401,0.0495397,0.1016,-0.4064,0,-0.4064,0.3048,0,
297,0.543392,0.999029,0.0877539,0,-0.508,0,-0.4064,0.3048,0,
299,0.561519,0.998677,0.124361,0.4064,-0.2032,0,-0.4064,0.3048,0,
301,0.561346,0.998989,0.123703,0.4064,-0.2032,0,-0.3048,0.508,0,
303,0.606826,0.999272,0.21438,0.4064,-0.3048,0,-0.3048,0.508,0,
305,0.595494,0.999552,0.191436,-0.1016,-0.6096,0,-0.3048,0.508,0,
306,0.540689,0.99545,0.0859273,0.1016,-0.2032,0,-0.3048,0.508,0,
308,0.550934,0.995555,0.106313,0.1016,-0.2032,0,-0.6096,0.4064,0,
314,0.567953,0.998246,0.137659,0.2032,-0.3048,0,-0.6096,0.4064,0,
317,0.762713,0.99956,0.525866,-0.6096,-0.2032,0,-0.6096,0.4064,0,
318,0.680268,0.999436,0.361099,-0.6096,-0.508,0,-0.6096,0.4064,0,
319,0.711093,0.99876,0.423425,-0.6096,-0.508,0,0.508,0.3048,0,
320,0.692989,0.999306,0.386672,-0.508,-0.508,0,0.508,0.3048,0,
321,0.5692,0.999499,0.138901,-0.508,-0.508,0,-0.2032,0.6096,0,
322,0.616995,0.999077,0.234912,-0.508,-0.508,0,0.1016,0.508,0,
323,0.586746,0.998496,0.174996,-0.508,-0.508,0,0.4064,0.1016,0,
328,0.634535,0.994264,0.274806,-0.1016,-0.2032,0,0.4064,0.1016,0,
329,0.643898,0.998449,0.289347,0.1016,-0.6096,0,0.4064,0.1016,0,
330,0.566672,0.999631,0.133713,0.1016,-0.6096,0,0.4064,0.4064,0,
332,0.620098,0.999294,0.240903,-0.3048,-0.4064,0,0.4064,0.4064,0,
335,0.640371,0.999433,0.281309,-0.3048,-0.4064,0,0.508,0.4064,0,
336,0.541324,0.997671,0.0849774,-0.3048,-0.1016,0,0.508,0.4064,0,
351,0.522673,0.997196,0.0481514,-0.3048,-0.1016,0,0.3048,0.4064,0,
358,0.511541,0.996632,0.0264504,-0.2032,-0.2032,0,0.3048,0.4064,0,
379,0.548784,0.996443,0.101125,-0.2032,-0.2032,0,0.6096,0.1016,0,
383,0.543901,0.998368,0.0894345,-0.3048,-0.3048,0,0.6096,0.1016,0,
386,0.514849,0.997988,0.0317112,-0.3048,-0.3048,0,0.3048,0.3048,0,
390,0.538899,0.99852,0.0792781,-0.1016,-0.508,0,0.3048,0.3048,0,
393,0.559637,0.999297,0.119977,-0.1016,-0.508,0,0.6096,0.3048,0,
394,0.547425,0.999059,0.0957913,-0.1016,-0.508,0,0.4064,0.3048,0,
395,0.5876,0.998815,0.176385,-0.1016,-0.508,0,-0.1016,0.508,0,
396,0.560021,0.999262,0.12078,-0.4064,-0.508,0,-0.1016,0.508,0,
401,0.531632,0.998526,0.0647377,0.4064,-0.2032,0,-0.1016,0.508,0,
407,0.521878,0.998162,0.0455941,0.4064,-0.2032,0,-0.3048,0.3048,0,
409,0.589479,0.998847,0.180111,-0.3048,-0.6096,0,-0.3048,0.3048,0,
410,0.559125,0.998566,0.119684,-0.1016,-0.508,0,-0.3048,0.3048,0,
412,0.568475,0.999656,0.137294,-0.1016,-0.508,0,-0.508,0.508,0,
413,0.5876,0.998815,0.176385,-0.1016,-0.508,0,-0.1016,0.508,0,
415,0.599062,0.999089,0.199036,0.6096,0,0,-0.1016,0.508,0,
420,0.567835,0.998814,0.136855,0.3048,-0.4064,0,-0.1016,0.508,0,
422,0.572657,0.999107,0.146208,-0.4064,-0.6096,0,-0.1016,0.508,0,
427,0.556217,0.99801,0.114423,0,-0.4064,0,-0.1016,0.508,0,
428,0.563497,0.998468,0.128525,0.2032,-0.4064,0,-0.1016,0.508,0,
430,0.542564,0.998251,0.0868771,0.2032,-0.4064,0,-0.2032,0.4064,0,
431,0.594387,0.99931,0.189464,0.2032,-0.4064,0,0.508,0.508,0,
432,0.530048,0.997915,0.0621803,0.2032,-0.4064,0,-0.4064,0.1016,0,
436,0.521878,0.998162,0.0455941,0.2032,-0.4064,0,-0.3048,0.3048,0,
447,0.507388,0.997458,0.017317,0.2032,-0.4064,0,-0.3048,0.2032,0,
451,0.511201,0.996609,0.0257928,0.2032,-0.3048,0,-0.3048,0.2032,0,
460,0.520947,0.997907,0.0439866,0.2032,-0.3048,0,-0.508,0.2032,0,
468,0.526207,0.996663,0.0557504,0.2032,-0.2032,0,-0.508,0.2032,0,
477,0.544137,0.997014,0.0912612,0.2032,-0.2032,0,-0.6096,0.4064,0,
484,0.567953,0.998246,0.137659,0.2032,-0.3048,0,-0.6096,0.4064,0,
487,0.511201,0.996609,0.0257928,0.2032,-0.3048,0,-0.3048,0.2032,0,
489,0.514206,0.99787,0.0305422,0.2032,-0.3048,0,-0.4064,0.3048,0,
496,0.544694,0.997615,0.0917727,0.2032,-0.3048,0,0,0.6096,0,
497,0.542339,0.998312,0.0863656,-0.3048,-0.3048,0,0,0.6096,0,
501,0.514505,0.997737,0.0312729,-0.3048,-0.3048,0,0.4064,0.1016,0,
505,0.576964,0.998806,0.155122,-0.3048,-0.3048,0,0.3048,0.508,0,
506,0.543901,0.998368,0.0894345,-0.3048,-0.3048,0,0.6096,0.1016,0,
508,0.514505,0.997737,0.0312729,-0.3048,-0.3048,0,0.4064,0.1016,0,
509,0.517651,0.996577,0.0387257,-0.3048,-0.3048,0,0.3048,0.1016,0,
512,0.533191,0.99748,0.0689025,-0.4064,-0.508,0,0.3048,0.1016,0,
515,0.559025,0.998585,0.119465,-0.4064,-0.508,0,0.4064,0.1016,0,
518,0.530047,0.997914,0.0621803,-0.2032,-0.4064,0,0.4064,0.1016,0,
528,0.509643,0.997439,0.0218471,-0.2032,-0.4064,0,0.2032,0.3048,0,
548,0.503962,0.996599,0.0113254,-0.2032,-0.3048,0,0.2032,0.3048,0,
553,0.509643,0.997439,0.0218471,-0.2032,-0.4064,0,0.2032,0.3048,0,
557,0.563497,0.998469,0.128525,-0.2032,-0.4064,0,0.1016,0.508,0,
559,0.529221,0.99765,0.060792,-0.2032,-0.3048,0,0.1016,0.508,0,
562,0.553454,0.999133,0.107774,-0.508,-0.3048,0,0.1016,0.508,0,
563,0.573505,0.998976,0.148034,0.2032,-0.508,0,0.1016,0.508,0,
566,0.548572,0.99726,0.0998831,0.2032,-0.508,0,0.1016,0.3048,0,
568,0.550054,0.998397,0.10171,0.2032,-0.508,0,0.1016,0.4064,0,
570,0.578544,0.998533,0.158556,-0.4064,-0.508,0,0.1016,0.4064,0,
572,0.537038,0.997064,0.077013,-0.3048,-0.2032,0,0.1016,0.4064,0,
574,0.554974,0.998228,0.11172,0.1016,-0.508,0,0.1016,0.4064,0,
576,0.613287,0.998312,0.228262,-0.3048,-0.6096,0,0.1016,0.4064,0,
577,0.551384,0.998282,0.104486,0.3048,-0.4064,0,0.1016,0.4064,0,
580,0.537804,0.997571,0.0780359,0.1016,-0.4064,0,0.1016,0.4064,0,
586,0.537038,0.997064,0.077013,-0.3048,-0.2032,0,0.1016,0.4064,0,
594,0.544982,0.998485,0.0914803,-0.4064,-0.4064,0,0.1016,0.4064,0,
597,0.555318,0.998551,0.112085,0.4064,-0.6096,0,0.1016,0.4064,0,
603,0.556611,0.998506,0.114716,-0.6096,-0.3048,0,0.1016,0.4064,0,
607,0.56143,0.998134,0.124726,0,-0.508,0,0.1016,0.4064,0,
608,0.559026,0.998586,0.119465,-0.508,-0.4064,0,0.1016,0.4064,0,
611,0.535386,0.998216,0.0725559,-0.3048,-0.4064,0,0.1016,0.4064,0,
614,0.544153,0.996022,0.0922841,0,-0.3048,0,0.1016,0.4064,0,
615,0.549904,0.997221,0.102587,0,-0.3048,0,0.4064,0.4064,0,
619,0.544153,0.996022,0.0922841,0,-0.3048,0,0.1016,0.4064,0,
623,0.557875,0.997307,0.118442,0,-0.3048,0,-0.508,0.6096,0,
624,0.541134,0.996633,0.085635,0,-0.3048,0,0.1016,0.508,0,
626,0.544153,0.996021,0.0922841,0,-0.3048,0,-0.1016,0.4064,0,
627,0.553174,0.997259,0.10909,0,-0.3048,0,0.4064,0.6096,0,
628,0.543223,0.997157,0.0892883,0,-0.3048,0,-0.3048,0.508,0,
636,0.553199,0.997454,0.108943,0,-0.3048,0,-0.508,0.508,0,
639,0.54951,0.996871,0.102148,0,-0.3048,0,0.2032,0.6096,0,
640,0.541444,0.996887,0.0860003,0,-0.3048,0,-0.2032,0.508,0,
642,0.53427,0.997883,0.0706561,0.2032,-0.3048,0,-0.2032,0.508,0,
656,0.514206,0.99787,0.0305422,0.2032,-0.3048,0,-0.4064,0.3048,0,
659,0.511201,0.996609,0.0257928,0.2032,-0.3048,0,-0.3048,0.2032,0,
671,0.51387,0.997783,0.0299576,0.3048,-0.4064,0,-0.3048,0.2032,0,
683,0.49864,0.997281,0,0.3048,-0.3048,0,-0.3048,0.2032,0,
691,0.538754,0.996988,0.0805203,0.4064,0,0,-0.3048,0.2032,0,
693,0.536029,0.998261,0.0737981,0.4064,0,0,-0.4064,0.3048,0,
697,0.538754,0.996988,0.0805203,0.4064,0,0,-0.3048,0.2032,0,
701,0.536945,0.997755,0.0761362,0.508,0,0,-0.3048,0.2032,0,
704,0.5418,0.995335,0.0882654,0.2032,-0.2032,0,-0.3048,0.2032,0,
717,0.543521,0.998045,0.0889961,0.1016,-0.6096,0,-0.3048,0.2032,0,
718,0.520436,0.997763,0.0431098,0.4064,-0.3048,0,-0.3048,0.2032,0,
724,0.51387,0.997783,0.0299576,0.4064,-0.3048,0,-0.2032,0.3048,0,
779,0.530551,0.997827,0.0632764,0.508,-0.1016,0,-0.2032,0.3048,0,
797,0.503962,0.996599,0.0113254,0.2032,-0.3048,0,-0.2032,0.3048,0,
803,0.51387,0.997783,0.0299576,0.4064,-0.3048,0,-0.2032,0.3048,0,
811,0.498641,0.997281,0,0.3048,-0.3048,0,-0.2032,0.3048,0,
853,0.503962,0.996599,0.0113254,0.2032,-0.3048,0,-0.2032,0.3048,0,
874,0.498641,0.997281,0,0.3048,-0.3048,0,-0.2032,0.3048,0,
970,0.503962,0.996599,0.0113254,0.2032,-0.3048,0,-0.2032,0.3048,0,
987,0.500202,0.997336,0.00306882,0.2032,-0.3048,0,-0.3048,0.3048,0,
1231,0.500202,0.997335,0.00306882,0.3048,-0.2032,0,-0.3048,0.3048,0,
1337,0.500202,0.997336,0.00306882,0.2032,-0.3048,0,-0.3048,0.3048,0,
1456,0.500202,0.997335,0.00306882,0.3048,-0.2032,0,-0.3048,0.3048,0,
1934,0.500202,0.997336,0.00306882,0.2032,-0.3048,0,-0.3048,0.3048,0,
2262,0.500202,0.997335,0.00306882,0.3048,-0.2032,0,-0.3048,0.3048,0,
2468,0.500202,0.997336,0.00306882,0.2032,-0.3048,0,-0.3048,0.3048,0,
2626,0.500202,0.997335,0.00306882,0.3048,-0.2032,0,-0.3048,0.3048,0,
2705,0.500202,0.997336,0.00306882,0.2032,-0.3048,0,-0.3048,0.3048,0,
2729,0.500202,0.997335,0.00306882,0.3048,-0.2032,0,-0.3048,0.3048,0,
